Price,Name
0.22945446,Mahindra XUV500 W6 2WD
1.1374567,BMW 5 Series 520d Luxury Line
0.07436355,Toyota Corolla Altis 1.8 G
-0.36277327,Hyundai i20 Asta 1.4 CRDi
-0.4322623,Mahindra KUV 100 mFALCON G80 K2
-0.51940554,Maruti Alto 800 2016-2019 LXI
-0.6205038,Fiat Punto EVO 1.2 Emotion
-0.5596827,Maruti Wagon R VXI BS IV
-0.01763714,Mitsubishi Pajero 4X4 LHD
-0.34124684,Honda Brio EX MT
-0.26875246,Hyundai i20 Asta Option 1.4 CRDi
0.6373927,Hyundai Creta 1.6 SX Plus Petrol Automatic
-0.68554753,Maruti Alto Green LXi (CNG)
-0.47749692,Honda Amaze S i-VTEC
-0.4322623,Mahindra KUV 100 mFALCON G80 K6 Plus
0.23268989,Honda City i-VTEC CVT VX
0.90821403,Mahindra XUV500 AT W10 FWD
-0.59566563,Hyundai Santro GLS I - Euro I
0.38702014,Mercedes-Benz New C-Class 220 CDI AT
1.3174231,Renault Duster 110PS Diesel RxZ AMT
-0.54658765,Volkswagen Polo 1.2 MPI Comfortline
-0.592329,BMW 5 Series 520d Sedan
3.696901,Mercedes-Benz S Class 2005 2013 S 350 CDI
-0.667902,Hyundai Santro GLS II - Euro II
5.39835,Jaguar XJ 3.0L Premium Luxury
-0.44673094,Maruti Swift VDI
-0.24589989,Honda Amaze S i-Dtech
1.3379624,BMW 3 Series 320d Highline
-0.40137985,Hyundai Verna 1.4 EX
1.0048431,Toyota Fortuner 4x2 4 Speed AT
-0.35036197,Maruti Swift VXI
-0.640435,Chevrolet Beat LS
-0.3677096,Hyundai Grand i10 Asta Option AT
-0.5946552,Ford Figo Petrol ZXI
0.5449451,Nissan Teana 230jM
-0.35064274,Maruti Swift VXI BSIII
2.7662308,Audi A4 35 TDI Premium
0.14775348,Honda City V MT
-0.26777077,Honda Jazz V
-0.3586709,Volkswagen Polo 1.5 TDI Highline
-0.53712046,Nissan Terrano XL D Option
1.9119049,Land Rover Discovery Sport SD4 HSE Luxury 7S
-0.51244235,Hyundai i20 Magna Optional 1.2
0.005982445,Honda City 1.5 E MT
0.37067625,Mahindra XUV500 W10 AWD
2.4261558,Jeep Compass 2.0 Limited Option 4X4
0.3097982,Mahindra XUV500 W10 AWD
0.85956216,Mahindra Scorpio VLX 4WD AIRBAG AT BSIV
-0.5247976,Datsun GO Plus T
0.48913828,Mahindra Scorpio S6 Plus 7 Seater
-0.34176418,Honda Amaze S AT i-Vtech
0.0073070205,Honda City i-DTEC ZX
-0.63119674,Tata Indigo GLE
-0.47332147,Hyundai Grand i10 1.2 CRDi Sportz
-0.47065145,Maruti Alto 800 2016-2019 CNG LXI
0.027733667,Hyundai Verna 1.4 CX VTVT
1.4705148,Toyota Innova Crysta 2.4 VX MT
1.1266178,BMW X1 sDrive20d
0.4281315,Volkswagen Jetta 2013-2015 2.0L TDI Highline AT
-0.6605109,Ford Figo Diesel ZXI
2.4157841,Mahindra Ssangyong Rexton RX7
0.024052136,Volkswagen Vento Petrol Highline
0.0024792755,Skoda Rapid 1.6 MPI Ambition With Alloy Wheel
-0.568584,Volkswagen Polo Petrol Comfortline 1.2L
-0.37383598,Maruti S Cross DDiS 200 Delta
0.030660797,Toyota Corolla Altis G
-0.4600739,Maruti Ertiga ZDI
-0.64735377,Hyundai i10 Asta Sunroof AT
1.4912509,Mercedes-Benz CLA 200 CDI Sport
-0.25328115,Honda City ZX VTEC
-0.4322623,Mahindra KUV 100 G80 K8
1.1819229,Toyota Fortuner 3.0 Diesel
0.01826871,Honda City 1.5 V MT
2.4679573,Audi A6 35 TDI Matrix
-0.64726204,Ford Figo Diesel ZXI
1.0125332,Mercedes-Benz GLA Class 200 CDI
-0.5581642,Chevrolet Aveo U-VA 1.2 LS
-0.18155475,Ford Figo 2015-2019 1.5D Titanium MT
0.055694133,Hyundai Elantra CRDi SX AT
-0.35662487,Maruti Baleno Zeta CVT
-0.44453198,Maruti Swift LXi BSIV
4.402366,Mercedes-Benz CLS-Class 2006-2010 350 CDI
2.6980555,BMW 3 Series Luxury Line
-0.07983326,Maruti Dzire AMT ZDI Plus
0.038623407,Hyundai Verna 1.6 SX VTVT
2.3095407,Jeep Compass 2.0 Longitude
-0.109184876,Hyundai Sonata Embera 2.0L CRDi AT
-0.6250286,Maruti Eeco 5 STR With AC Plus HTR CNG
0.5493664,Tata Nexon 1.5 Revotorq XZ Plus Dual Tone
-0.65718627,Hyundai EON Era Plus
-0.68858206,Tata Indica DLS
4.346981,BMW 5 Series 2013-2017 530d M Sport
-0.42106235,Maruti Ertiga VDI
-0.33461267,Honda Amaze E i-Vtech
-0.6829407,Ford Fiesta 1.4 Duratec ZXI
0.51612484,Honda Civic 2006-2010 1.8 V MT
-0.638733,Maruti Wagon R LX DUO BSIII
-0.33059955,Maruti Ertiga ZDI
-0.6618662,Hyundai Grand i10 CRDi Sportz
-0.4767608,Hyundai Xcent 1.2 VTVT E Plus
-0.5733869,Hyundai i10 Era
-0.29691958,Honda Amaze S i-Vtech
2.7629402,Audi A6 2.7 TDI
-0.5205657,Hyundai i10 Magna 1.2 iTech SE
-0.53571934,Renault KWID RXT Optional
-0.09762046,Audi A4 New 2.0 TDI Multitronic
-0.5251019,Maruti Alto 800 LXI Airbag
0.10276267,Honda City i VTEC VX Option
1.3426764,Mercedes-Benz New C-Class C250 Avantgarde
5.1153502,Audi Q5 3.0 TDI Quattro Technology
-0.4989582,Volkswagen Polo 1.2 MPI Comfortline
-0.24549434,Hyundai Creta 1.4 E Plus Diesel
0.0052642184,Honda City 1.5 V MT
0.0008515954,Honda City 1.5 S MT
0.048125237,Maruti S Cross DDiS 320 Alpha
-0.11021386,Maruti SX4 Vxi BSIV
-0.35511366,Maruti Swift Dzire VDI
-0.36931694,Maruti Ertiga ZDI
-0.40956002,Hyundai i20 1.2 Spotz
-0.61318266,Hyundai Grand i10 CRDi Magna
0.1190836,Honda City i VTEC SV
-0.006198298,Skoda Rapid 1.6 TDI Elegance
4.1167474,Mercedes-Benz E-Class E270 CDI
4.4432735,Hyundai Santa Fe 4WD AT
-0.6067753,Maruti Alto LXi
0.7176926,ISUZU D-MAX V-Cross 4X4
-0.2774474,Hyundai Verna 1.4 CRDi GL
-0.6599049,Ford Figo Diesel ZXI
0.09543971,Honda City 1.5 S MT
-0.4980421,Maruti Swift VDI BSIV W ABS
0.2792585,Hyundai Verna 1.6 CRDi S
0.6373927,Hyundai Creta 1.6 SX Plus Petrol Automatic
-0.1932571,Ford Ecosport 1.5 DV5 MT Titanium
4.6064706,BMW X6 xDrive30d
1.1747875,BMW 5 Series 2013-2017 520d Luxury Line
-0.13257165,Ford Figo Aspire 1.5 TDCi Ambiente
0.29996166,Hyundai Verna VTVT 1.6 AT EX
-0.7394233,Ford Ikon 1.4 TDCi DuraTorq
0.8323315,Audi A6 2011-2015 2.0 TDI
0.08000274,Honda CR-V Sport
-0.18597332,Hyundai i20 2015-2017 Sportz AT 1.4
1.301857,Toyota Fortuner 2.8 4WD MT
-0.53571934,Renault KWID RXT
-0.7252119,Chevrolet Spark 1.0 LT
0.010505943,Hyundai Verna Transform VTVT
1.214472,BMW 3 Series 320d Sport Line
-0.67368835,Hyundai Santro Xing XP
-0.5370976,Maruti Swift Dzire VDI
-0.5854124,Hyundai Xcent 1.2 CRDi E Plus
-0.23531821,Honda Jazz V CVT
-0.6249055,Tata Indigo LS
-0.7172738,Ford Fiesta Classic 1.4 Duratorq CLXI
-0.22464328,Maruti S-Cross Alpha DDiS 200 SH
-0.035906292,Maruti SX4 Zxi with Leather BSIII
-0.35662487,Maruti Baleno Zeta Automatic
-0.5721155,Maruti Ritz LDi
0.4937801,Hyundai Elantra CRDi SX AT
-0.5129649,Chevrolet Spark 1.0 LT
-0.40956002,Hyundai i20 1.2 Spotz
-0.6489436,Hyundai Xcent 1.1 CRDi Base
-0.23531821,Honda Jazz 1.2 V CVT i VTEC
-0.35612643,Honda Brio S MT
4.5426006,Mercedes-Benz E-Class E250 CDI Avantgrade
1.7627193,Tata Hexa XT
-0.61844736,Hyundai Xcent 1.1 CRDi Base
-0.28858855,Ford Ecosport 1.5 DV5 MT Titanium Optional
-0.39915746,Tata Nano XTA
-0.33640847,Honda Brio VX
-0.34783092,Maruti Ertiga SHVS ZDI Plus
-0.5205657,Hyundai i10 Sportz 1.2
-0.58337563,Hyundai Santro Xing XO
0.2235222,Mahindra XUV500 W10 2WD
0.092539184,Volkswagen Vento Diesel Highline
0.47069615,Tata Safari Storme 2012-2015 VX
1.7396728,Honda Accord 2.4 Elegance M/T
-0.5189927,Maruti Eeco 7 Seater Standard
-0.5462679,Maruti Swift VDI
-0.35662487,Maruti Baleno Zeta Automatic
0.23559514,Mahindra XUV500 W8 2WD
-0.49564245,Hyundai Xcent 1.2 Kappa S
3.6083732,Mercedes-Benz New C-Class C 220 CDI Style
0.76289624,Skoda Superb 1.8 TSI MT
-0.40331733,Volkswagen CrossPolo 1.5 TDI
-0.4342749,Maruti Ignis 1.2 Delta
-0.37661588,Maruti Swift VDI BSIV
0.2276325,Honda City i VTEC VX Option
4.6541367,BMW 5 Series 530d Highline Sedan
-0.03991329,Skoda Laura Ambiente
0.2701937,Volkswagen Polo GT TSI
-0.351018,Renault Duster 85PS Diesel RxL
0.13226464,Honda City 1.5 S AT
0.12913398,Volkswagen Vento Diesel Highline
-0.50055104,Hyundai Grand i10 Sportz
-0.63363075,Ford Fiesta 1.4 ZXi Duratec
-0.730741,Hyundai Xcent 1.1 CRDi S
-0.17413272,Honda Amaze VX i-DTEC
0.23268989,Honda City i VTEC CVT VX
0.41030684,Renault Fluence 1.5
2.218539,BMW 5 Series 520d Luxury Line
-0.009063755,Maruti SX4 ZXI MT BSIV
-0.54400826,Honda City ZX CVT
-0.5066883,Volkswagen Ameo 1.2 MPI Comfortline
-0.5066883,Volkswagen Ameo 1.2 MPI Comfortline
0.23527302,Audi A4 2.0 TDI Multitronic
-0.7791399,Maruti Wagon R VXI
0.09647683,Hyundai Verna SX CRDi AT
3.7225513,Mercedes-Benz GLC 220d 4MATIC Style
2.6980555,BMW 3 Series Luxury Line
-0.12436314,Honda Mobilio V Option i DTEC
0.57488674,Hyundai Creta 1.6 CRDi AT SX Plus
0.09442492,Honda City 1.5 S MT
-0.6695161,Ford Fiesta 1.4 TDCi EXI
-0.5168813,Maruti Swift Dzire LDI
2.8234198,Mercedes-Benz E-Class E250 CDI Launch Edition
-0.016750192,Chevrolet Captiva LT
0.36175692,Toyota Innova 2.5 V Diesel 7-seater
-0.049934078,Mahindra Quanto C8
0.04689771,Honda City i VTEC V
3.0475197,Audi A4 2.0 TDI 177 Bhp Premium Plus
-0.5909989,Volkswagen Polo Diesel Comfortline 1.2L
0.332324,Ford EcoSport 1.5 Petrol Titanium Plus AT
0.40660638,Toyota Innova 2.5 G (Diesel) 7 Seater BS IV
-0.046387393,Honda City 1.5 EXI
-0.49654508,Maruti SX4 Green Vxi (CNG)
-0.6858789,Maruti Alto 800 2016-2019 LXI Optional
4.6126866,Mercedes-Benz M-Class ML 320 CDI
-0.3944335,Maruti Swift Dzire LDI
-0.24780972,Maruti Vitara Brezza ZDi Plus Dual Tone
4.316464,Volvo S60 D5 Summum
1.431857,Toyota Fortuner 4x2 AT
-0.4121163,Hyundai i20 Sportz Option Diesel
0.7394265,Audi A4 35 TDI Premium
0.33657244,Nissan Terrano XV D Pre
-0.42359626,Maruti Celerio ZXI AMT
-0.4701373,Maruti Esteem Vxi
-0.55912066,Hyundai i10 Sportz AT
0.8920043,BMW 3 Series 320d
-0.47220296,Hyundai Grand i10 Sportz
-0.3677096,Hyundai Grand i10 Asta Option AT
-0.45405293,Hyundai Grand i10 1.2 Kappa Sportz
-0.68398416,Volkswagen Polo 1.2 MPI Comfortline
-0.7052375,Honda City ZX EXi
1.4912509,Mercedes-Benz GLA Class 200 CDI
-0.5959478,Maruti Omni 8 Seater BSIV
0.67059505,Hyundai Verna 1.6 SX VTVT AT
-0.52711356,Maruti Alto 800 LXI
-0.24780972,Maruti Vitara Brezza ZDi Plus Dual Tone
0.27189887,Mahindra XUV500 W8 2WD
-0.24780972,Maruti Vitara Brezza ZDi
-0.47843322,Hyundai i20 1.2 Spotz
0.8994177,Mercedes-Benz E-Class 250 D W 210
-0.6798563,Maruti Alto LXi
-0.31748867,Honda Amaze S i-Vtech
6.7196856,Land Rover Range Rover Sport HSE
-0.6102439,Hyundai Grand i10 CRDi Magna
0.5424737,Honda Civic 2006-2010 1.8 S MT
-0.5314995,Hyundai Grand i10 CRDi Magna
-0.5564715,Maruti 800 AC Uniq
-0.41346702,Toyota Etios Liva Diesel
-0.19970699,Hyundai i20 Magna 1.4 CRDi
-0.5045387,Maruti Alto K10 VXI
1.0904615,BMW X1 sDrive20d
-0.42359626,Maruti Celerio VXI AT
3.0845811,Skoda Superb Elegance 1.8 TSI AT
0.2900146,Mahindra Xylo E4
0.21811493,Mahindra XUV500 W8 2WD
-0.34433383,Maruti Swift Dzire VXI
0.096217744,Ford Ecosport 1.0 Ecoboost Platinum Edition
-0.46765327,Toyota Corolla Altis Diesel D4DG
-0.5262081,Hyundai i20 2015-2017 1.2 Magna
0.57256126,Renault Captur 1.5 Diesel Platine Mono
4.1832447,Mercedes-Benz E-Class 280 CDI
-0.15502672,Maruti Baleno RS 1.0 Petrol
-0.095204934,Nissan Sunny 2011-2014 XL AT Special Edition
-0.3677096,Hyundai Grand i10 AT Asta
0.18897542,Maruti Ciaz Zeta
-0.4625347,Hyundai Xcent 1.2 Kappa S
0.29575324,Hyundai Verna 1.6 SX CRDi (O)
-0.44116986,Maruti Wagon R VXI 1.2
-0.018448398,Hyundai Verna CRDi
-0.63206434,Toyota Etios Liva G
0.092737764,Mahindra Xylo E4 ABS BS III
-0.35251814,Toyota Etios Liva GD
-0.0035068374,Mahindra Thar DI 4X4
0.17882973,Nissan X-Trail SLX MT
3.141158,Toyota Innova Crysta 2.8 ZX AT
-0.1986254,Hyundai Creta 1.4 CRDi S
-0.4904668,Maruti Swift VDI
0.2236467,Hyundai Verna 1.6 CRDI SX Option
-0.5833187,Maruti Alto LXi BSIII
-0.26743653,Maruti S Cross DDiS 200 Alpha
-0.6523773,Hyundai EON Era
-0.2115065,Nissan Terrano XL
-0.5298315,Hyundai EON Era
-0.23833996,Tata Zest Quadrajet 1.3 XT
2.477272,Mercedes-Benz E-Class 2009-2013 E250 CDI Elegance
0.6645411,Audi Q5 2.0 TDI Premium Plus
-0.2683189,Ford Fiesta 1.6 ZXi Leather
1.1865947,BMW 3 Series 320d Prestige
-0.17153336,Maruti Baleno RS 1.0 Petrol
4.018852,Mercedes-Benz E-Class 2009-2013 E250 CDI Blue Efficiency
1.5839604,Ford Endeavour Hurricane LE
-0.5512084,Hyundai i10 Sportz 1.2
-0.45405293,Hyundai Grand i10 Asta Option
-0.51029897,Honda Brio S MT
-0.14592431,Hyundai i20 Magna 1.4 CRDi (Diesel)
-0.54055965,Volkswagen Polo Petrol Highline 1.2L
-0.22391133,Honda City 1.5 EXI
-0.5161795,Skoda Octavia Ambiente 1.9 TDI
0.43516773,Ford Endeavour 2.5L 4X2
0.3887436,Chevrolet Cruze LTZ
-0.44064787,Honda CR-V AT With Sun Roof
0.019656211,Honda Mobilio V i DTEC
-0.5281118,Maruti Ertiga VDI
-0.45405293,Hyundai Grand i10 Sportz
6.097684,Jaguar XF 3.0 Litre S Premium Luxury
-0.29900545,Honda Amaze VX i-Vtech
2.7517068,Audi A6 2.7 TDI
-0.40956002,Hyundai i20 1.2 Spotz
-0.5066883,Volkswagen Ameo 1.2 MPI Highline Plus 16
0.5480526,Renault Fluence 2.0
-0.5045387,Maruti Alto K10 VXI
-0.5201449,Maruti Alto Std
-0.5073205,Maruti Wagon R VXI BS IV
-0.1537917,Fiat Linea 1.3 Emotion
-0.5859576,Maruti Swift Dzire Vdi BSIV
-0.21763007,Renault Scala Diesel RxL
-0.5262081,Hyundai i20 Magna
-0.45843384,Hyundai Xcent 1.2 Kappa SX Option
-0.5133492,Maruti Wagon R LXI
0.28544575,Mahindra XUV500 W8 2WD
1.431857,Toyota Fortuner 4x2 AT
0.2945852,Renault Duster 110PS Diesel RxZ Plus
-0.76744175,Hyundai Santro Xing GLS
0.05506947,Hyundai Verna 1.6 SX VTVT
1.2441981,BMW X1 sDrive 20d Exclusive
0.8564623,Honda Civic 2006-2010 1.8 V AT
2.2859175,Audi A6 35 TFSI Matrix
-0.5073205,Maruti Wagon R LXI BS IV
-0.24780972,Maruti Vitara Brezza ZDi Plus Dual Tone
2.3465903,Land Rover Discovery 3 TDV6 Diesel Automatic
-0.07983326,Maruti Dzire New
0.09418238,Hyundai Verna VTVT 1.6 SX
-0.22568142,Maruti Ertiga ZDI Plus
-0.086323105,Hyundai Accent GLE
-0.5013223,Hyundai i20 1.2 Sportz
0.09418238,Hyundai Verna VTVT 1.6 SX
-0.7212229,Maruti Alto LX
0.21315517,Mahindra Scorpio VLX
-0.61619335,Maruti Wagon R LXI
-0.663361,Hyundai i20 1.2 Sportz
-0.5113313,Maruti Ritz VDi
0.18671623,Renault Koleos 2.0 Diesel
0.88292176,BMW 3 Series 320d
-0.32233807,Honda Brio V MT
0.09135179,Hyundai Sonata GOLD
-0.48971996,Maruti Swift Dzire VDi
0.24817054,Mahindra XUV500 W8 4WD
-0.5047822,Hyundai i10 Sportz 1.1L
-0.2677353,Maruti Ciaz ZXi Plus
0.38841206,Toyota Innova 2.5 V Diesel 8-seater
-0.45405293,Hyundai Grand i10 Sportz
0.37273896,Chevrolet Optra Magnum 2.0 LS BSIII
1.5344324,Mahindra Ssangyong Rexton RX5
0.28544575,Mahindra XUV500 W8 2WD
-0.10363715,Honda City i VTEC SV
-0.28677878,Ford Ecosport 1.5 DV5 MT Titanium
-0.40956002,Hyundai i20 Sportz 1.2
1.4912509,Mercedes-Benz CLA 200 CDI Sport
-0.43222377,Hyundai EON Magna
-0.68535376,Maruti Alto 800 2016-2019 CNG LXI
-0.2378025,Toyota Etios G Safety
-0.48692062,Maruti Swift Dzire Tour LDI
-0.5368204,Maruti Alto LXi
-0.59954035,Maruti Celerio ZXI
-0.17494202,Ford Ecosport 1.5 DV5 MT Titanium Optional
0.40410915,Nissan Terrano XV 110 PS Limited Edition
-0.20131175,Honda Accord VTi-L AT
-0.5132634,Maruti Swift Ldi BSIII
0.90821403,Mahindra XUV500 AT W10 FWD
-0.27335054,Honda Jazz 1.2 VX i VTEC
0.18700807,Honda City i VTEC V
-0.6341637,Fiat Grande Punto 1.2 Dynamic
-0.51335317,Maruti Estilo LXI
-0.24259332,Maruti Ertiga ZXI
-0.6345218,Nissan Micra XL
0.12948053,Honda City 1.5 V MT
-0.21676861,Toyota Etios VX
2.5658958,BMW 3 Series 320d Luxury Line
-0.2622082,Honda Jazz 1.2 SV i VTEC
-0.4665697,Maruti Dzire VDI
0.08176729,Skoda Rapid 1.6 TDI Elegance
0.35865924,Mahindra XUV500 W6 2WD
-0.41577682,Hyundai Grand i10 AT Asta
-0.011321341,Honda City 1.5 V MT
0.21282819,Toyota Innova 2.5 GX 7 STR
0.13699313,Mahindra XUV500 W8 2WD
-0.6068219,Maruti Swift Dzire VDi
-0.15915342,Volkswagen Vento Petrol Highline
-0.2996785,Toyota Etios GD
0.3412968,Audi A4 2.0 TDI
-0.08110056,Maruti Ertiga LXI
-0.08361411,Toyota Corolla Altis 1.8 G CNG
-0.62245,Maruti 800 AC
0.06213697,Honda City 1.5 V MT
-0.29114565,Maruti Swift Dzire VXI
0.1906665,Toyota Camry Hybrid
-0.5410428,Hyundai Grand i10 CRDi Sportz
3.4256318,Toyota Innova Crysta 2.8 GX AT 8S
-0.48705676,Hyundai i10 Magna
-0.3677096,Hyundai Grand i10 AT Asta
-0.28881282,Maruti Baleno Alpha Diesel
2.2867627,Skoda Superb Style 1.8 TSI AT
0.5075042,Mercedes-Benz New C-Class 220 CDI AT
-0.36348775,Maruti Ritz VDi
-0.48360547,Maruti Swift Dzire Tour LDI
0.51296437,Honda Civic 2010-2013 1.8 V MT
-0.34817904,Maruti Ertiga SHVS VDI
0.1974264,Hyundai Elantra CRDi SX
2.3361948,Toyota Fortuner 4x2 AT
0.33337963,Volkswagen Polo GT TSI
-0.59464633,Skoda Octavia Classic 1.9 TDI MT
-0.2538289,Volkswagen Polo 1.5 TDI Trendline
-0.7157823,Hyundai Santro Xing GL Plus
-0.18518735,Hyundai Accent GLE
-0.5622523,Hyundai EON D Lite Plus
0.36175692,Toyota Innova 2.5 V Diesel 7-seater
-0.3018122,Maruti Ignis 1.3 Zeta
0.18897542,Maruti Ciaz Alpha
-0.22839674,Maruti Swift Dzire VXi
0.23268989,Honda City i VTEC CVT VX
-0.5461479,Maruti Swift VDI BSIV W ABS
-0.36985022,Honda Brio S MT
-0.5172675,Toyota Etios Liva GD
2.2170997,Volvo XC60 D5
-0.62548786,Tata Indigo CS eGVX
2.735924,Toyota Innova Crysta 2.8 ZX AT
0.010852059,Volkswagen Vento Diesel Highline
-0.3375732,Ford Ecosport 1.5 DV5 MT Titanium
-0.5070517,Maruti Wagon R VXI
6.196259,Mercedes-Benz S-Class 320 L
-0.35124886,Volkswagen Polo 1.5 TDI Highline
-0.80374634,Tata Indica GLS BS IV
-0.62315893,Maruti 800 Std BSIII
2.5687504,Jeep Compass 2.0 Longitude
-0.5045387,Maruti Alto K10 LXI Optional
0.1602325,Skoda Octavia Elegance 2.0 TDI AT
-0.3018122,Maruti Swift Dzire VDI Optional
-0.16026285,Maruti Ciaz VDi Plus SHVS
0.8847218,Mercedes-Benz New C-Class C 220 CDI CLASSIC
-0.52606267,Ford Figo Diesel ZXI
-0.10309336,Toyota Corolla Altis VL
0.12657017,Maruti SX4 S Cross DDiS 320 Zeta
-0.56710875,Ford Figo Petrol ZXI
-0.23531821,Honda Jazz Exclusive CVT
-0.5890035,Maruti Zen LXi - BS III
1.2274961,Toyota Fortuner 3.0 Diesel
-0.31742135,Maruti Ciaz ZDi Plus
-0.6189277,Renault KWID RXT
-0.47400504,Hyundai i10 Magna AT
-0.57126415,Maruti Celerio ZXI AT Optional
-0.23557118,Hyundai Creta 1.4 E Plus Diesel
-0.093544886,Honda Jazz 1.5 SV i DTEC
0.10682861,Honda City 1.5 S MT
-0.45906666,Mitsubishi Lancer 1.5 SFXi
-0.05871812,Nissan Sunny XE P
0.75412005,Honda Accord 2.4 AT
0.21523131,Mahindra XUV500 W8 2WD
-0.40956002,Hyundai i20 1.2 Magna Executive
-0.5309393,Nissan Micra Diesel XL
-0.22636162,Maruti Ciaz AT ZXi
0.19188368,Volkswagen Vento Diesel Trendline
-0.5013223,Hyundai i20 Asta
0.079410076,Toyota Corolla Altis G
0.0032675322,Honda City i DTEC VX
-0.511179,Maruti Swift VXI BSIV
3.637936,Mercedes-Benz E-Class 2009-2013 E250 CDI Elegance
0.45709607,Toyota Innova 2.5 G (Diesel) 7 Seater
-0.35266545,Maruti Swift Lxi BSIII
3.6083732,Mercedes-Benz New C-Class C 220d Avantgarde Edition C
-0.45405293,Hyundai Grand i10 Asta
-0.6473796,Maruti Wagon R LXI BS IV
0.008243275,Ford EcoSport 1.5 TDCi Titanium
-0.50008947,Volkswagen Polo 1.2 MPI Comfortline
0.29996166,Hyundai Verna 1.6 VTVT AT SX
-0.48922667,Renault KWID AMT RXL
-0.2998192,Honda Brio S Option AT
-0.32220683,Ford Figo Aspire 1.2 Ti-VCT Titanium
1.1046023,Toyota Fortuner 3.0 Diesel
-0.4694163,Tata Indigo eCS eLX BS IV
-0.18739903,Ford Figo 2015-2019 1.5D Ambiente MT
-0.5535942,Maruti Swift Dzire VDI
-0.60372156,Nissan Micra Diesel XV Primo
0.3698354,Skoda Octavia Style Plus 2.0 TDI AT
0.4784318,Volkswagen Jetta 2013-2015 2.0L TDI Highline AT
6.323261,Audi Q7 35 TDI Quattro Technology
-0.63546294,Hyundai i20 1.2 Sportz
1.3540493,BMW 3 Series 320d Corporate Edition
-0.23843381,Hyundai i20 Active 1.4 SX Dual Tone
0.04316082,Mahindra Scorpio 2.6 DX
0.91291875,Audi A4 3.2 FSI Tiptronic Quattro
-0.52606267,Ford Figo Diesel EXI
3.2557209,Honda Accord 2.4 Inspire M/T
-0.3000663,Hyundai i20 Sportz 1.4 CRDi
3.4116457,Jaguar XF 2.2 Litre Luxury
0.31691557,Hyundai Verna 1.6 SX VTVT (O) AT
0.16412859,Honda City i VTEC VX Option
-0.4935501,Hyundai i20 Asta Optional with Sunroof 1.2
-0.4136596,Honda Brio S MT
-0.18947726,Hyundai i20 Sportz 1.4 CRDi
2.3197818,Maruti Grand Vitara 2.4 MT
-0.5899065,Maruti A-Star Vxi
-0.46873784,Fiat Punto 1.3 Emotion
-0.6498064,Maruti Alto LXi
0.58564395,Mahindra XUV500 W10 2WD
-0.53437495,Maruti Swift RS VDI
1.1297147,BMW X1 sDrive20d
0.1963478,Volkswagen Passat 2.0 PD DSG
1.6667552,BMW X3 xDrive20d
-0.55677325,Maruti Ritz VXi
-0.39798915,Hyundai i20 Sportz 1.4 CRDi
-0.5476835,Maruti Swift VDI BSIV
1.5146214,Mercedes-Benz New C-Class 200 Kompressor
0.07436355,Toyota Corolla Altis 1.8 GL
0.29657328,Hyundai Verna 1.6 SX CRDi (O)
0.43439403,Renault Duster 110PS Diesel RxZ
-0.5792698,Maruti Swift Ldi BSIII
-0.5086895,Maruti Alto K10 VXI
0.6373927,Hyundai Creta 1.6 SX Plus Petrol Automatic
2.513952,Mercedes-Benz CLA 200 CGI Sport
1.6788194,Honda CR-V 2.4 4WD AT
-0.28858855,Ford Ecosport 1.5 DV5 MT Trend
4.7085752,Mercedes-Benz E-Class 2015-2017 E250 CDI Avantgarde
-0.48663974,Hyundai Grand i10 CRDi Magna
-0.5946794,Ford Fiesta 1.4 Duratec ZXI
0.65924954,Hyundai Creta 1.6 SX Automatic Diesel
-0.6473796,Maruti A-Star Lxi
-0.3584377,Maruti Ritz LDi
0.18700807,Honda City i VTEC SV
0.52546173,Toyota Innova 2.5 GX (Diesel) 7 Seater
1.4925567,Mercedes-Benz R-Class R350 4Matic Long
0.07645955,Skoda Rapid 1.5 TDI Elegance
0.119440116,Ford Ecosport 1.5 Ti VCT MT Titanium
-0.42359626,Maruti Celerio VXI AT
0.0416101,Volkswagen Vento Petrol Highline
2.140806,Volvo XC60 D5
-0.31865746,Toyota Etios Cross 1.4 GD
-0.6573808,Tata Indica Vista TDI LX
0.09797417,Honda City i VTEC CVT VX
0.028460305,Honda City 1.5 V MT
-0.59426886,Skoda Octavia Rider Classic 1.9 TDI
-0.057680033,Toyota Corolla 1.8 J
-0.29375446,Toyota Etios G
2.1688886,BMW X1 sDrive20d
-0.39957154,Honda City ZX CVT
-0.21820508,Hyundai i20 Sportz 1.4 CRDi
4.4170694,Mercedes-Benz E-Class E350 CDI
0.24875322,Hyundai Creta 1.6 CRDi SX Option
1.051486,Audi Q3 2012-2015 2.0 TDI Quattro Premium Plus
0.43444782,Land Rover Discovery Sport TD4 HSE
0.3045444,Skoda Rapid 1.5 TDI AT Elegance Plus
-0.5082974,Maruti Celerio VXI AT
6.334088,Audi RS5 Coupe
-0.27486238,Maruti Ciaz ZXi Plus
1.3596972,Audi Q5 2.0 TDI Premium Plus
-0.54305464,Ford Figo Diesel Titanium
0.11454018,Ford Ecosport 1.0 Ecoboost Titanium
-0.06225884,Honda City 1.5 S MT
1.4796565,Jaguar XF 2.2 Litre Luxury
-0.6443963,Maruti Swift VXI BSIV
1.2261581,BMW 5 Series 520d Luxury Line
0.3581677,Mercedes-Benz B Class B200 CDI
-0.34391314,Honda Brio S MT
-0.40956002,Hyundai i20 Sportz 1.2
-0.6964492,Tata Indica V2 DLG TC
1.2267488,Toyota Fortuner 3.0 Diesel
-0.5047822,Hyundai i10 Sportz 1.1L
-0.6118631,Hyundai i20 1.2 Sportz Option
-0.58448,Maruti Baleno LXI - BSIII
-0.36252874,Honda Amaze S AT i-Vtech
5.4804335,Land Rover Range Rover 3.0 Diesel LWB Vogue
-0.44470143,Toyota Etios Liva GD
-0.47312132,Hyundai i10 Sportz 1.2 AT
-0.641548,Volkswagen Polo Diesel Trendline 1.2L
-0.17153336,Maruti Baleno RS Petrol
-0.3349014,Hyundai i20 Sportz 1.4 CRDi
0.07712148,Toyota Corolla H4
0.38372672,Toyota Innova 2.5 VX (Diesel) 7 Seater
-0.42359626,Maruti Celerio VXI AT Optional
0.20599236,Skoda Octavia Elegance 2.0 TDI AT
0.15106757,Honda Mobilio S i VTEC
0.11464419,Hyundai Verna 1.6 CRDi SX
0.04727553,Honda City 1.5 S MT
-0.7201991,Ford Classic 1.4 Duratorq Titanium
-0.20148186,Maruti Ciaz ZDi
-0.5070517,Maruti Wagon R VXI BS IV
6.1161294,Audi A4 3.0 TDI Quattro
3.6021583,Toyota Camry Hybrid 2.5
-0.46378577,Hyundai i20 Asta 1.2
-0.046375852,Maruti SX4 Green Vxi (CNG)
-0.45405293,Hyundai Grand i10 1.2 Kappa Asta
-0.6152444,Volkswagen Polo Diesel Trendline 1.2L
5.301006,BMW X5 xDrive 30d M Sport
-0.5340018,Volkswagen Polo Petrol Comfortline 1.2L
-0.51333773,Renault Duster 85PS Diesel RxE
1.096314,Skoda Superb Style 1.8 TSI AT
0.781868,Audi Q5 2.0 TDI
-0.28881282,Maruti Baleno Delta 1.3
-0.60727614,Volkswagen Polo Petrol Comfortline 1.2L
3.368223,Mitsubishi Pajero Sport 4X4 AT
-0.32332873,Maruti Ciaz VXi Plus
-0.43773314,Renault Duster 85PS Diesel RxL Option
-0.5298315,Hyundai EON D Lite Plus Option
-0.22931144,Honda CR-V 2.4 MT
0.054752357,Hyundai Verna 1.6 SX VTVT
0.21290378,Toyota Corolla Altis JS MT
-0.06279681,Maruti SX4 ZXI MT BSIV
-0.50008947,Volkswagen Polo Petrol Comfortline 1.2L
0.72236884,Audi Q5 30 TDI quattro Premium Plus
0.055746973,Honda City 1.5 V MT
-0.46672514,Maruti Wagon R VXI
3.368223,Mitsubishi Pajero Sport 4X4 AT
2.2867627,Skoda Octavia Elegance 1.8 TSI AT
0.28637403,Hyundai Creta 1.6 CRDi SX Option
-0.76254165,Maruti Alto LXi BSIII
0.06776649,Honda City V MT
-0.5304556,Datsun redi-GO S
0.08294703,Skoda Yeti Ambition 4WD
0.34294933,Mercedes-Benz B Class B180
0.3690282,Volkswagen Polo GT TSI
-0.13173823,Ford EcoSport 1.5 TDCi Titanium
0.36457568,Hyundai Creta 1.6 SX Plus Dual Tone Petrol
2.3754966,Toyota Fortuner 2.8 2WD MT
-0.4342749,Maruti Swift Dzire ZXI
-0.5013223,Hyundai i20 1.2 Asta with AVN
0.32895577,Honda BR-V i-VTEC S MT
-0.4952718,Maruti Celerio ZXI
1.5192518,Mercedes-Benz E-Class 2009-2013 E350 Petrol
-0.5205657,Hyundai i10 Magna 1.2 iTech SE
-0.5412174,Toyota Etios Liva V
3.5425699,Mercedes-Benz E-Class 2015-2017 E250 Edition E
-0.5298315,Hyundai EON D Lite Plus
-0.44941443,Maruti Wagon R CNG LXI
0.061209872,Honda City 1.5 S MT
4.105263,Mercedes-Benz S-Class 280 AT
-0.667861,Tata Indigo CS eVX
0.36457568,Hyundai Creta 1.6 VTVT S
-0.5073205,Maruti Wagon R LXI BS IV
-0.40029398,Maruti Dzire VDI
-0.4532918,Ford Ikon 1.3 Flair
-0.50008947,Volkswagen Polo Petrol Comfortline 1.2L
-0.5083524,Hyundai i10 Magna 1.2
-0.28871804,Chevrolet Enjoy 1.3 TCDi LTZ 8
-0.58134633,Land Rover Range Rover 3.0 D
2.9163601,Mercedes-Benz E-Class 200 Kompressor Elegance
-0.5711249,Maruti Swift Vdi BSIII
0.21523131,Mahindra XUV500 W8 4WD
-0.7751528,Toyota Etios Liva G
-0.006155621,Mahindra XUV500 W8 4WD
0.40281752,Hyundai Creta 1.6 VTVT S
0.01624029,Honda City i DTEC SV
-0.6068219,Maruti Swift Dzire VDi
-0.5073205,Maruti Wagon R LXI BS IV
-0.6237812,Hyundai EON Era Plus
2.2140667,Toyota Innova Crysta 2.8 ZX AT
0.34734628,Hyundai Creta 1.6 SX Option
-0.5073205,Maruti Wagon R VXI Plus
5.246014,Mercedes-Benz GL-Class 350 CDI Blue Efficiency
-0.4952718,Maruti Celerio VXI
0.41268417,Mahindra Scorpio SLE BSIV
-0.5304556,Datsun redi-GO T Option
-0.50564814,Fiat Grande Punto EVO 1.3 Active
0.19367029,Hyundai Elantra CRDi SX
-0.3844345,Maruti Swift Dzire LXI
0.24779768,Audi A4 2.0 TDI Multitronic
-0.2998192,Honda Brio VX AT
-0.5070517,Maruti Wagon R LXI BS IV
-0.4906352,Hyundai i10 Magna 1.1
0.2240369,Hyundai Verna 1.6 SX
0.23753844,Hyundai Verna 1.6 SX
-0.5625283,Maruti Ritz VDi
0.29262018,Hyundai Creta 1.6 SX Option Diesel
-0.4363571,Maruti Baleno Delta
0.3599862,Hyundai Verna 1.6 CRDI
-0.5425819,Tata Indica Vista Quadrajet VX
-0.48597014,Hyundai i20 1.2 Magna
4.580368,Porsche Panamera Diesel
-0.573203,Maruti Eeco Smiles 5 Seater AC
0.740549,BMW 3 Series 320d Sport
-0.4491701,Maruti Ertiga VDI
-0.4840431,Hyundai Xcent 1.2 Kappa AT S Option
0.22691558,Volkswagen Vento 1.2 TSI Highline AT
3.17402,Audi Q3 35 TDI Quattro Premium
-0.5884749,Hyundai i10 Magna 1.1
0.4461217,Volkswagen Jetta 2013-2015 2.0L TDI Highline AT
-0.17153336,Maruti Baleno RS 1.0 Petrol
-0.57629865,Hyundai i10 Era
0.4416657,Toyota Innova 2.5 G4 Diesel 8-seater
-0.50116247,Chevrolet Beat LT
0.37817132,Toyota Innova 2.5 G3
1.8431455,Honda Accord 2.4 Inspire M/T
-0.54186267,Mahindra KUV 100 mFALCON D75 K4 Plus
-0.5909989,Volkswagen Polo Diesel Trendline 1.2L
0.59481233,Toyota Innova 2.0 GX 8 STR
1.403391,Mahindra Scorpio VLX AT AIRBAG BSIV
4.67764,BMW 7 Series 730Ld Sedan
0.006879063,Honda City i-DTEC SV
-0.38683164,Volkswagen Polo Diesel Comfortline 1.2L
0.32153904,Mahindra XUV500 W8 2WD
0.022511125,Volkswagen Vento 1.6 Highline
0.16412859,Honda City i VTEC V
1.6736399,Audi Q5 2.0 TDI Premium Plus
0.039469324,Honda City 1.5 V AT Exclusive
-0.57449955,Maruti Swift VXI BSIV
-0.52711356,Maruti Alto 800 LXI
-0.6144186,Ford Figo Diesel Titanium
-0.561731,Hyundai Santro Xing GL Plus
-0.5150919,Maruti Wagon R VXI
0.032562368,Honda City i DTEC SV
-0.06725536,Honda City V MT AVN
-0.082715064,Honda City i DTEC VX
0.16165206,Hyundai Verna VTVT 1.6 SX
-0.5086895,Maruti Alto K10 LXI
4.018852,Mercedes-Benz E-Class 2009-2013 E250 CDI Avantgarde
6.177905,BMW X6 xDrive30d
-0.6925773,Maruti Wagon R LXI BSIII
0.20379749,Renault Duster RXZ AWD
0.41873115,Mahindra Scorpio VLX 2.2 mHawk Airbag BSIV
1.7912445,Ford Endeavour 3.2 Trend AT 4X4
-0.71547925,Maruti Zen Estilo LXI BS IV
-0.6162027,Hyundai Santro Xing XG
-0.54109186,Hyundai i10 Asta
-0.26101476,Honda Brio VX AT
-0.42758822,Maruti Wagon R AMT VXI
2.0685081,Audi Q3 30 TDI Premium FWD
1.065908,Mercedes-Benz M-Class ML 350 4Matic
-0.6920166,Maruti Wagon R LXI
2.6187196,Audi A4 35 TDI Premium Plus
-0.53571934,Renault KWID RXT Optional
-0.51940554,Maruti Alto 800 2016-2019 VXI
0.45854688,Toyota Innova 2.5 GX (Diesel) 8 Seater
0.25589418,Toyota Corolla Altis 2008-2013 1.8 VL AT
0.005781592,Ford Figo 2015-2019 1.5D Titanium Plus MT
-0.35612643,Honda Brio S MT
-0.2841688,Ford Ikon 1.6 ZXI NXt
0.41268417,Mahindra Scorpio 2009-2014 LX 2WD 7S
4.3588014,Mercedes-Benz S-Class 320 L
0.18129079,Mahindra Scorpio SLE BSIV
0.3174463,Land Rover Freelander 2 SE
-0.6661848,Chevrolet Beat LS
-0.50937754,Maruti Swift ZDi
0.24704696,Toyota Corolla H2
3.9185393,Audi Q5 3.0 TDI Quattro
-0.5298315,Hyundai EON Era Plus
-0.32750994,Honda Amaze S Petrol
0.08320118,Ford Figo Aspire 1.5 Ti-VCT Titanium
1.3142542,Renault Duster 110PS Diesel RxL AMT
0.48090646,Honda City V AT
-0.68214726,Maruti Alto LXi
-0.5205657,Hyundai i10 Magna 1.2
-0.5508535,Chevrolet Spark 1.0 LS
0.08038816,Skoda Rapid 1.5 TDI Ambition Plus
0.7806214,Audi A6 2011-2015 2.0 TDI Premium Plus
-0.27335054,Honda Jazz 1.2 V i VTEC
0.36457568,Hyundai Creta 1.6 SX Plus Dual Tone Petrol
-0.5144413,Chevrolet Beat LS
-0.5304556,Datsun redi-GO T Option
-0.4625347,Hyundai Xcent 1.2 Kappa S Option
2.9462633,Mercedes-Benz E-Class 230 E AT
-0.6006266,Maruti Swift ZDi
-0.4952718,Maruti Celerio ZXI
0.25121385,Skoda Octavia Elegance 2.0 TDI AT
0.012150649,Honda City 1.5 V AT
4.152627,Honda Accord V6 AT
1.0902824,Skoda Superb Style 1.8 TSI AT
0.35978067,Toyota Innova 2.5 G (Diesel) 8 Seater
-0.42359626,Maruti Celerio VXI AT
-0.32878488,Maruti Ertiga VDI
1.247895,Mercedes-Benz A Class A180 CDI
0.16590104,Mahindra Xylo E2
-0.09650861,Honda Amaze E i-Dtech
-0.53571934,Renault KWID RXT
-0.53571934,Renault KWID RXT
4.1927447,Audi Q7 3.0 TDI Quattro Premium Plus
0.09918225,Hyundai Verna 1.6 SX CRDI (O) AT
2.9702334,Toyota Innova Crysta 2.8 ZX AT
-0.6714331,Hyundai i20 Sportz Option
-0.5461844,Volkswagen Polo Petrol Comfortline 1.2L
0.011200285,Volkswagen Vento Diesel Trendline
-0.7209116,Honda City ZX GXi
-0.03374486,Hyundai Verna Transform Xxi ABS
-0.29247132,Hyundai Accent GLE
0.1594248,Skoda Laura Ambiente 2.0 TDI CR AT
2.5008438,Mercedes-Benz E-Class 2009-2013 E 250 Elegance
-0.3982844,Hyundai i20 Sportz 1.2
-0.5205657,Hyundai i10 Magna 1.2
-0.63534313,Hyundai i10 Magna 1.1L
-0.5066883,Volkswagen Ameo 1.2 MPI Anniversary Edition
1.8459598,Toyota Camry 2.5 G
0.3314608,Mahindra XUV500 W8 2WD
0.3858305,Skoda Superb Elegance 2.0 TDI CR AT
-0.386993,Maruti Wagon R VXI AMT
-0.17758423,Maruti Vitara Brezza ZDi Plus Dual Tone
-0.78011364,Hyundai Santro Xing GL
0.00874127,Volkswagen Vento Diesel Comfortline
-0.46298102,Volkswagen Polo 1.5 TDI Highline
-0.53146464,Maruti Swift ZDi
-0.7191129,Hyundai i10 Era 1.1
0.34391478,Mahindra XUV500 W8 2WD
-0.3653855,Maruti Ertiga VDI
0.300395,Mahindra XUV500 W8 2WD
-0.42417368,Tata Manza Aura Quadrajet BS IV
4.1894603,Mercedes-Benz E-Class 280 CDI
-0.06852435,Maruti SX4 Zxi with Leather BSIII
-0.42758822,Maruti Wagon R AMT VXI
-0.504792,Datsun GO NXT
-0.6599327,Ford Figo Diesel ZXI
0.2807392,Skoda Superb Elegance 2.0 TDI CR AT
-0.5575467,Hyundai i20 1.2 Magna
3.091977,Toyota Innova Crysta 2.8 ZX AT
-0.41319653,Honda Brio V MT
0.3238414,Skoda Superb Elegance 2.0 TDI CR AT
2.8612344,Mercedes-Benz E-Class 2015-2017 E250 CDI Avantgarde
3.902009,Toyota Fortuner 4x2 AT TRD Sportivo
-0.12061121,Maruti SX4 ZXI MT BSIV
0.025930127,Honda Jazz 1.5 V i DTEC
0.04100304,Toyota Corolla Altis 2008-2013 1.8 VL AT
-0.16669847,Honda City ZX VTEC
2.5014405,BMW X1 xDrive 20d M Sport
-0.24210343,Maruti Swift DDiS VDI
-0.4669172,Mahindra KUV 100 mFALCON D75 K8
-0.34654137,Honda Jazz Mode
-0.4767608,Maruti Swift ZXI
-0.3677096,Hyundai Grand i10 Asta Option AT
-0.28010857,Honda Amaze SX i-VTEC
-0.45405293,Hyundai Grand i10 1.2 Kappa Sportz
0.09477918,Volkswagen Vento Diesel Comfortline
-0.16026285,Maruti Ciaz 1.3 S
0.05429772,Volkswagen Vento Petrol Highline AT
-0.6032425,Hyundai i20 1.2 Magna
-0.2998192,Honda Brio VX AT
0.16412859,Honda City i VTEC VX
-0.561437,Tata Nano XT
1.635702,Mercedes-Benz S Class 2005 2013 S 350 L
-0.70828366,Maruti Wagon R LXI BSIII
3.032522,Skoda Superb Elegance 1.8 TSI AT
5.9180117,Audi Q7 35 TDI Quattro Technology
-0.38629803,Maruti Swift ZXI Plus
0.4416657,Toyota Innova 2.5 G4 Diesel 7-seater
2.284209,BMW 3 Series 320i Sedan
1.4912509,Mercedes-Benz GLA Class 200 CDI SPORT
1.4705148,Toyota Innova Crysta 2.4 VX MT 8S
-0.6288044,Maruti Esteem LX BSII
-0.35498628,Maruti Swift VDI BSIV
0.35978067,Toyota Innova 2.5 GX (Diesel) 7 Seater
-0.46858415,Toyota Etios Liva GD
-0.7338769,Chevrolet Beat LT
-0.74819297,Ford Ikon 1.4 TDCi DuraTorq
3.6107452,Mercedes-Benz New C-Class C 220 CDI Avantgarde
-0.20079538,Toyota Etios G
0.469,Toyota Innova 2.5 GX (Diesel) 7 Seater BS IV
6.0688276,BMW 6 Series Gran Coupe
0.44580466,Skoda Rapid 1.5 TDI Ambition
-0.467507,Hyundai EON Magna
0.086375736,Honda CR-V 2.4L 4WD AT
0.21265796,Skoda Laura Elegance 2.0 TDI CR AT
-0.035809264,Skoda Laura RS
0.043258023,Honda City i DTec S
0.38979152,Tata New Safari 4X4 EX
-0.51459587,Maruti Zen Estilo LXI BS IV
-0.30067766,Honda Amaze S i-VTEC
-0.4952718,Renault KWID 1.0 RXL
-0.22636162,Maruti Ciaz AT ZXi
-0.42097226,Hyundai i20 Asta Option 1.4 CRDi
1.0642724,Toyota Innova Crysta 2.4 ZX MT
-0.282825,Maruti Ciaz ZDi Plus SHVS
4.2181892,Jaguar XF Diesel
-0.4625347,Hyundai Xcent 1.2 Kappa S
5.051752,Porsche Cayenne Diesel
-0.4422518,Hyundai Xcent 1.1 CRDi S
0.15296768,Audi A4 2.0 TDI Multitronic
-0.43803468,Maruti Ciaz RS ZXi Plus
0.37817132,Toyota Innova 2.5 G4 Diesel 8-seater
3.8750768,Mercedes-Benz New C-Class 220 CDI MT
-0.5205657,Hyundai i10 Sportz
-0.53067255,Hyundai i10 Sportz 1.2 AT
-0.41430667,Maruti Baleno Zeta 1.3
-0.7595464,Maruti Zen Estilo 1.1 VXI BSIII
6.173619,BMW 7 Series 730Ld
1.8714001,Audi Q7 4.2 TDI Quattro Technology
4.167789,BMW X5 xDrive 30d
-0.53919595,Maruti Ritz LXI
-0.36901727,Nissan Sunny 2011-2014 Diesel XL
0.36707234,Toyota Corolla Altis 1.8 Limited Edition
-0.5195405,Toyota Etios VXD
0.12602702,Toyota Corolla Altis GL MT
1.465231,Audi A6 2011-2015 2.0 TDI Premium Plus
-0.33059955,Maruti Ertiga ZDI
-0.43854484,Hyundai Grand i10 Sportz
-0.69742614,Tata Indigo CS LX (TDI) BS III
-0.41837758,Maruti Swift Dzire AMT ZDI
0.022888107,Volkswagen Polo Petrol Highline 1.6L
-0.25952402,Tata Tiago 1.2 Revotron XZ WO Alloy
0.18700807,Honda City i VTEC VX
-0.35612643,Honda Amaze V Petrol
0.7580794,Audi A4 35 TDI Premium
-0.12932532,Volkswagen Vento Petrol Highline AT
0.07393824,Volkswagen Vento Diesel Trendline
0.088175334,Honda City 1.5 S MT
-0.46672514,Maruti Wagon R LXI
5.1324544,Skoda Superb 2.8 V6 AT
0.05167957,Honda City i DTEC SV
-0.63272214,Maruti Wagon R LXI CNG
3.178307,Mercedes-Benz M-Class ML 350 4Matic
-0.58487064,Maruti Alto 800 LXI
-0.40956002,Hyundai i20 Magna 1.2
-0.33966282,Ford Ecosport 1.5 DV5 MT Trend
2.6144586,BMW 3 Series GT 320d Luxury Line
4.36555,BMW X5 xDrive 30d
-0.36552277,Honda Amaze S i-Vtech
-0.08535635,Ford EcoSport 1.5 Ti VCT MT Titanium
4.2879834,Jaguar XF 3.0 Litre S Premium Luxury
-0.0102673415,Toyota Corolla 1.8 J
-0.7394474,Hyundai i10 Sportz
4.022766,Mercedes-Benz New C-Class C220 CDI Executive Edition
0.26031968,Skoda Laura Ambiente 2.0 TDI CR MT
0.43516773,Ford Endeavour 4x2 XLT
-0.5701864,Ford Figo Petrol EXI
-0.29691958,Honda Amaze S i-Vtech
-0.62931395,Tata Indica Vista TDI LS
-0.037265904,Volvo XC60 D4 Summum
-0.5304556,Datsun Redi GO Sport
-0.63037837,Hyundai EON Era Plus
-0.52711356,Maruti Alto 800 VXI
-0.65099436,Volkswagen Polo Petrol Trendline 1.2L
-0.6548665,Hyundai i10 Asta
-0.2693584,Nissan Sunny 2011-2014 XL
-0.09183666,Toyota Corolla Altis G
-0.06479349,Hyundai Verna CRDi ABS
-0.51940554,Maruti Alto 800 2016-2019 LXI Optional
-0.3587841,Hyundai i20 Sportz 1.4 CRDi
0.49466118,Hyundai Verna 1.6 CRDi AT S
4.616525,Audi Q7 3.0 TDI Quattro Technology
-0.6741153,Tata Indica V2 eLS
-0.45999902,Chevrolet Spark 1.0 LS
-0.45405293,Hyundai Grand i10 1.2 Kappa Magna
1.5100851,Toyota Fortuner 4x4 MT TRD Sportivo
-0.452808,Mahindra E Verito D4
-0.47653195,Hyundai Grand i10 1.2 Kappa Asta
0.021982033,Honda City 1.5 S MT
-0.46630174,Hyundai Elite i20 Petrol Asta
0.36175692,Toyota Innova 2.5 G4 Diesel 8-seater
4.7410545,Ford Mustang V8
3.141158,Toyota Innova Crysta 2.8 GX AT
-0.6566168,Maruti Zen Estilo 1.1 VXI BSIII
-0.6042798,Maruti Swift ZDi
-0.265899,Fiat Avventura MULTIJET Emotion
-0.6439383,Maruti Zen Estilo VXI BSIII
-0.18052348,Renault Duster 85PS Diesel RxL
0.5716628,Mitsubishi Pajero 2.8 SFX
-0.44249538,Maruti Celerio VXI AT
-0.64266384,Tata Indica V2 DLS BSIII
-0.40956002,Hyundai Elite i20 Petrol Asta
-0.4226073,Maruti Celerio VXI AT
-0.45405293,Hyundai Grand i10 1.2 Kappa Asta
-0.40956002,Hyundai i20 1.2 Magna Executive
0.018538745,Hyundai Verna 1.6 SX VTVT (O)
0.32740134,Land Rover Freelander 2 SE
-0.30163026,Maruti Swift VXI BSIII
-0.29691958,Honda Amaze SX i-VTEC
-0.45993957,Toyota Corolla Altis Diesel D4DG
0.029421318,Honda Amaze S Diesel
4.701331,Audi A6 3.0 TDI quattro
-0.5067798,Maruti Wagon R VXI
-0.01672615,Honda Mobilio E i DTEC
-0.31981263,Honda CR-V 2.4 4WD AT
0.13660842,Hyundai Verna 1.6 SX VTVT (O)
2.8998399,Hyundai Santa Fe 4x4 AT
-0.50877863,Hyundai i10 Sportz AT
-0.6992397,Ford Fusion Plus 1.4 TDCi Diesel
-0.55485064,Hyundai i10 Sportz
-0.6303405,Hyundai Xcent 1.1 CRDi SX Option
2.8483536,Skoda Superb Style 2.0 TDI AT
-0.6138304,Ford Fiesta 1.4 Duratec EXI
-0.35662487,Maruti Baleno Zeta Automatic
-0.0141737405,Skoda Laura 1.9 TDI MT Ambiente
0.5351415,Volkswagen Vento 1.5 TDI Comfortline
4.3203573,Audi Q7 3.0 TDI Quattro Technology
0.12436356,Hyundai Verna VTVT 1.6 SX Option
3.3111818,Mercedes-Benz New C-Class 220 CDI AT
-0.12732604,Honda Amaze S i-Dtech
-0.6477324,Ford Fiesta 1.4 Duratec EXI Limited Edition
-0.6710816,Hyundai i20 Magna Optional 1.2
-0.52711356,Maruti Alto 800 LXI
6.3850985,BMW 5 Series 530i Sedan
-0.34095258,Fiat Grande Punto 1.4 Emotion
-0.3448913,Maruti Dzire AMT ZDI Plus
0.33548415,Mahindra XUV500 W6 2WD
2.4489322,Volvo XC90 2007-2015 D5 AT AWD
-0.49485263,Hyundai i10 Sportz 1.2
1.1819229,Toyota Fortuner 3.0 Diesel
-0.39915746,Tata Nano XTA
0.56031156,Renault Lodgy 110PS RxZ 8 Seater
4.8176007,Audi Q7 3.0 TDI Quattro Premium Plus
0.20983008,Honda City i VTEC CVT VX
0.32253605,Renault Duster 110PS Diesel RxL
-0.28010857,Honda Amaze S i-VTEC
-0.29691958,Honda Amaze S i-Vtech
2.6310825,BMW 3 Series 320i
-0.5672607,Maruti Ritz LDi
-0.049254347,Honda City 1.5 S MT
2.5658958,BMW 3 Series 320d Sport Line
0.08329932,Volkswagen Jetta 2007-2011 1.9 TDI Trendline
-0.44550332,Maruti Swift Dzire LXI
3.4073133,Jaguar XF 2.2 Litre Executive
-0.4271719,Hyundai Xcent 1.2 Kappa AT SX Option
0.36175692,Toyota Innova 2.5 G (Diesel) 7 Seater BS IV
-0.61322117,Maruti Eeco 7 Seater Standard
-0.09762046,Audi A4 New 2.0 TDI Multitronic
0.36175692,Toyota Innova 2.5 G (Diesel) 7 Seater BS IV
2.0303876,Maruti Grand Vitara MT
-0.11364812,Volkswagen Vento 1.5 TDI Highline
-0.40956002,Hyundai Elite i20 Petrol Asta
-0.69052154,Ford Fiesta Classic 1.4 Duratorq CLXI
2.1590548,Mitsubishi Pajero Sport 4X4
2.2840867,Hyundai Santa Fe 4X4
0.2404049,Mahindra XUV500 W8 2WD
0.45907232,Toyota Innova 2.5 V Diesel 8-seater
6.106318,Mercedes-Benz GLE 350d
0.46549797,Mahindra Scorpio 2009-2014 SLE 7S BSIV
0.1263327,Honda City 1.5 S AT
4.5961595,Mercedes-Benz GL-Class 2007 2012 350 CDI Luxury
-0.02686791,Honda City 1.5 S MT
-0.386993,Maruti Wagon R VXI AMT
-0.64866275,Tata Indigo eCS GLE BSIII
-0.53966707,Hyundai i20 2015-2017 1.2 Asta with AVN
-0.28232417,Honda Jazz Active
-0.59199476,Maruti A-Star Lxi
1.4074903,BMW 3 Series 320d Highline
0.06928376,Skoda Yeti Elegance
0.3279653,Nissan Terrano XV Premium 110 PS
-0.65656316,Volkswagen Polo Diesel Comfortline 1.2L
1.067943,BMW 3 Series 320d
-0.19339336,Nissan Sunny 2011-2014 XL
-0.4792745,Maruti Alto K10 VXI AGS
-0.36815113,Maruti Ritz ZXI
2.409526,Audi Q5 30 TDI quattro Premium Plus
0.045063734,Hyundai Verna CRDi SX
-0.35692513,Honda Amaze S i-Dtech
0.093602486,Honda City i DTEC SV
2.5148575,Toyota Fortuner TRD Sportivo 2.8 2WD AT
0.00047041546,Volkswagen Vento 1.5 TDI Highline
1.73174,BMW 5 Series 520d Luxury Line
1.3711886,BMW 3 Series 320d Sedan
0.6373927,Hyundai Creta 1.6 SX Plus Petrol Automatic
1.1952902,BMW 3 Series Luxury Line
3.3320422,Mercedes-Benz New C-Class C 220 CDI BE Avantgare
-0.3018122,Maruti Swift Dzire VDI
-0.5057883,Maruti Celerio ZXI
2.6144586,BMW 3 Series 320d GT Luxury Line
1.5960692,Audi Q7 4.2 TDI Quattro Technology
-0.26777077,Honda Jazz V
-0.55449665,Tata Nano Cx BSIV
-0.7406765,Maruti Alto 800 2016-2019 LXI
-0.46003157,Maruti Wagon R VXI
-0.51969737,Hyundai Xcent 1.1 CRDi Base
-0.6270661,Chevrolet Beat LT
3.4116457,Jaguar XF 2.2 Litre Luxury
1.3873305,Volkswagen Passat Diesel Highline 2.0 TDI
-0.42872387,Hyundai i20 Asta 1.4 CRDi
0.16513097,Mitsubishi Pajero 2.8 SFX
0.025953062,Maruti Vitara Brezza ZDi Plus AMT Dual Tone
-0.5045387,Maruti Alto K10 LXI
-0.5298315,Hyundai EON Magna Plus
-0.24410295,Maruti Ciaz VDi Plus SHVS
0.42091665,Hyundai Creta 1.6 CRDi SX Option
0.2340049,Skoda Superb Ambition 2.0 TDI CR AT
-0.37557584,Volkswagen Polo 1.5 TDI Highline
-0.58161294,BMW 5 Series 520d Sedan
0.19656555,Toyota Innova 2.5 VX (Diesel) 7 Seater
2.2170427,Mercedes-Benz E-Class 2009-2013 E250 CDI Elegance
-0.32669336,Volkswagen Polo 1.5 TDI Highline
0.12495746,Audi Q3 2.0 TDI
-0.5262081,Hyundai i20 1.2 Magna
-0.5512804,Hyundai i10 Sportz 1.1L
-0.45849785,Tata Tigor 1.05 Revotorq XT
-0.5298315,Hyundai EON Era
-0.76744175,Hyundai Santro Xing GLS
-0.57138807,Hyundai Santro Xing GLS
0.27172506,Mahindra Scorpio SLX
0.064941145,Honda City i-VTEC S
-0.19106646,Maruti Vitara Brezza ZDi
2.7662308,Audi A4 35 TDI Technology Edition
3.7332482,Mercedes-Benz E-Class 2009-2013 E250 CDI Elegance
0.5109796,Honda Civic 2006-2010 1.8 MT Sport
-0.40956002,Hyundai i20 Magna 1.2
3.0148737,Audi Q3 35 TDI Quattro Premium Plus
-0.082715064,Honda City i DTEC VX
-0.6532568,Hyundai i10 Era 1.1 iTech SE
-0.31247404,Maruti Swift VDI BSIV
-0.05198478,Ford Endeavour 3.0L 4X4 AT
-0.47466615,Ford Ikon 1.3 Flair
2.5014405,BMW X1 sDrive 20d xLine
2.2957323,Mercedes-Benz E-Class 2009-2013 E250 CDI Classic
-0.5736541,Maruti Eeco 5 STR With AC Plus HTR CNG
-0.528465,Honda Jazz Select Edition
-0.25685441,Honda Amaze S i-Dtech
-0.72941107,Maruti Zen LXi - BS III
-0.64344853,Hyundai i20 Magna
4.572386,BMW X5 3.0d
0.35869637,Hyundai Creta 1.6 CRDi SX Option
-0.5228299,Maruti Swift Dzire LDI
-0.5672607,Maruti Swift VDI
-0.6786972,Hyundai Grand i10 1.2 CRDi Asta
-0.32220683,Ford Figo Aspire 1.2 Ti-VCT Trend
6.137341,BMW X5 X5 M
3.1077476,Mercedes-Benz New C-Class C 220 CDI Celebration Edition
-0.3963777,Hyundai Grand i10 AT Asta
0.14173178,Hyundai Verna 1.6 SX CRDi (O)
4.5121593,BMW 5 Series 525d Sedan
-0.61,Nissan Micra Diesel XV Premium
-0.2795501,Maruti SX4 ZXI MT BSIV
-0.38664174,Tata Manza Aura Quadrajet BS IV
0.5606594,Audi A4 2.0 TDI Multitronic
-0.6270276,Maruti Swift Ldi BSIV
-0.5476835,Maruti Swift LDI Optional
-0.45508474,Toyota Corolla Altis Diesel D4DJ
-0.08842783,Honda Jazz 1.5 VX i DTEC
1.6665536,BMW 6 Series 650i Coupe
-0.6084197,Skoda Fabia 1.2 Petrol Active
-0.53651315,Fiat Siena 1.2 ELX
1.7472321,Land Rover Freelander 2 HSE
-0.25474358,Ford Fiesta 1.6 ZXi Duratec
0.20252414,Hyundai Verna SX CRDi AT
-0.42538393,Renault KWID 1.0 RXT Optional
-0.1909744,Tata Indica Vista Quadrajet 90 ZX Plus
-0.23843381,Hyundai i20 Active 1.4 SX
-0.20174365,Maruti SX4 Zxi BSIII
-0.53571934,Renault KWID RXT
0.092737764,Mahindra Xylo E4 ABS BS III
-0.5303715,Hyundai EON D Lite Plus
-0.17413272,Honda Amaze VX i-DTEC
-0.6100413,Volkswagen Polo Diesel Highline 1.2L
0.068350375,Honda City 1.5 V MT
3.73931,Toyota Fortuner 4x2 AT
-0.29691958,Honda Amaze E i-Vtech
1.5862104,BMW 1 Series 118d Base
-0.43860558,Maruti Celerio VXI AT
0.7839482,Toyota Innova 2.5 GX (Diesel) 8 Seater
2.8783674,Jaguar XF 2.2 Litre Luxury
-0.213986,Honda WRV i-VTEC VX
1.0092771,BMW X1 sDrive20d
0.19135848,Skoda Rapid 1.6 MPI AT Elegance
-0.022622311,Volkswagen Vento 1.6 Comfortline
0.008243275,Ford EcoSport 1.5 TDCi Trend Plus BE
0.21523131,Mahindra XUV500 W6 2WD
-0.7528943,Ford Fiesta Classic 1.4 Duratorq LXI
-0.66801625,Hyundai Santro Xing GLS
4.9486413,Mercedes-Benz GL-Class 2007 2012 350 CDI Luxury
-0.65461534,Maruti Alto LXi BSII
0.23058937,Honda City i VTEC VX Option
4.491059,Hyundai Santa Fe 2WD AT
1.4912509,Mercedes-Benz GLA Class 200 CDI SPORT
0.18184896,Toyota Innova 2.5 G4 Diesel 8-seater
1.3459835,BMW 3 Series 320d Sedan
-0.35740232,Maruti Swift ZXI
-0.18174593,Volkswagen Vento Petrol Highline
-0.08110056,Maruti Ertiga VXI
-0.38436672,Hyundai Grand i10 AT Asta
0.33301523,Hyundai Creta 1.6 CRDi SX
4.483839,Audi A6 3.0 TDI quattro
0.15071212,Mahindra XUV500 W8 1.99 mHawk
0.1330087,Ford EcoSport 1.5 Ti VCT AT Titanium BE
-0.57608086,Hyundai Xcent 1.1 CRDi Base
-0.09127578,Volkswagen Vento 1.5 TDI Comfortline AT
4.0786085,Mercedes-Benz S-Class 280 AT
-0.56543934,Hyundai i10 Magna
2.7662308,Audi A4 35 TDI Technology Edition
-0.27879566,Hyundai i20 Sportz 1.4 CRDi
-0.4124695,Hyundai Verna 1.4 EX
0.01826871,Honda City 1.5 V MT
-0.37796083,Maruti Ertiga VDI
-0.5368204,Maruti Alto LXi BSII
-0.42758822,Maruti Wagon R AMT VXI
0.46592337,Hyundai Verna 1.6 CRDi AT SX
-0.676143,Maruti Alto LXi BSIII
-0.014518006,Volkswagen Vento 1.6 Comfortline
-0.4363571,Maruti Baleno Zeta 1.2
0.8683379,Land Rover Freelander 2 TD4 SE
1.1177872,Honda CR-V 2.0L 2WD AT
1.3096664,Toyota Fortuner 2.8 2WD MT
0.48090646,Honda City V AT
4.9540358,Mercedes-Benz SLK-Class 55 AMG
0.16412859,Honda City i-VTEC S
-0.3584377,Maruti Swift VDI
0.025757523,Toyota Corolla Altis 2008-2013 1.8 VL AT
-0.4145502,Toyota Etios Cross 1.4L VD
-0.75238764,Maruti Wagon R LX
-0.5018715,Fiat Punto 1.2 Dynamic
1.8937331,Mercedes-Benz E-Class 2015-2017 E 200 CGI
3.4116457,Jaguar XF Aero Sport Edition
-0.6714331,Hyundai i20 Sportz Petrol
0.32349086,Land Rover Freelander 2 SE
-0.40956002,Hyundai Elite i20 Petrol Sportz
-0.28564402,Honda Amaze S i-Vtech
3.178307,Mercedes-Benz M-Class ML 350 4Matic
-0.52711356,Maruti Alto 800 VXI
0.94064325,Toyota Innova Crysta 2.8 ZX AT
-0.3677096,Hyundai Grand i10 AT Asta
4.5713177,BMW X3 xDrive30d M Sport
-0.8101937,Maruti 1000 AC
-0.75622773,Hyundai i20 Magna
-0.3677096,Hyundai Grand i10 AT Asta
-0.6162027,Hyundai Santro Xing XG
-0.37420073,Ford Fiesta 1.5 TDCi Titanium
-0.24908401,Mercedes-Benz E-Class 220 CDI
-0.4859043,Maruti Swift Dzire VDI
-0.5122932,Toyota Etios VXD
-0.4625347,Hyundai Xcent 1.2 Kappa Base
0.64148146,Honda Civic 2006-2010 1.8 S MT
0.39406496,Toyota Innova 2.5 GX (Diesel) 8 Seater
-0.086303756,Hyundai Accent GLE
-0.52711356,Maruti Alto 800 LXI
4.4322577,Mercedes-Benz SL-Class SL 500
-0.3807312,Ford Ecosport 1.5 DV5 MT Titanium Optional
-0.5144904,Hyundai Xcent 1.2 VTVT E
0.04059797,Skoda Rapid 1.6 MPI AT Ambition Plus
2.9193804,Audi Q3 2012-2015 35 TDI Quattro Premium Plus
0.13141961,Mahindra XUV500 W8 2WD
0.09418238,Hyundai Verna VTVT 1.6 SX Option
-0.08304694,Hyundai Verna Xi (Petrol)
-0.31658915,Ford Ikon 1.6 CLXI
-0.5047822,Nissan Micra Active XV
-0.2998192,Honda Brio VX AT
0.44855425,Toyota Innova 2.5 GX (Diesel) 7 Seater
0.35410023,Volkswagen Vento 1.5 TDI Highline
0.37494498,Mahindra XUV500 W10 AWD
-0.4224146,Hyundai Xcent 1.2 Kappa AT SX Option
2.587423,Ford Endeavour 2.2 Trend MT 4X4
-0.53322405,Chevrolet Spark 1.0 LT
-0.1946444,Maruti Ertiga SHVS VDI
-0.26716673,Honda Amaze S i-Dtech
0.11342087,Honda City i VTEC S
1.0706908,Mini Cooper Countryman D
0.27314225,Toyota Corolla Altis 2008-2013 1.8 VL AT
-0.4832247,Hyundai Santro Xing XL eRLX Euro III
-0.052747853,Skoda Superb Elegance 1.8 TSI AT
-0.61619335,Maruti Wagon R LXI BS IV
-0.4906352,Hyundai i10 Era 1.1
-0.25952402,Tata Tiago 1.2 Revotron XT Option
-0.4363571,Maruti Baleno Zeta 1.2
0.052390996,Volkswagen Vento 1.6 Highline
-0.45405293,Hyundai Grand i10 1.2 Kappa Sportz Option
-0.6078887,Ford Figo Diesel EXI
0.617576,Honda Civic 2010-2013 1.8 V AT Sunroof
-0.52711356,Maruti Alto 800 LXI
2.5103147,Land Rover Range Rover Evoque 2.0 TD4 HSE Dynamic
3.9979937,Audi A6 2.7 TDI
4.1495996,Mercedes-Benz E-Class 280 CDI
0.018338881,Honda City 1.5 V AT Exclusive
-0.21555185,Honda CR-V 2.4 4WD AT
-0.16026285,Maruti Ciaz 1.3 Alpha
-0.7957559,Maruti Wagon R LXI
0.3543557,Hyundai Creta 1.6 CRDi SX Option
-0.16026285,Maruti Ciaz VDi Plus SHVS
-0.70010024,Hyundai EON D Lite Plus
-0.20619641,Maruti Ertiga VXI
0.028572984,Volkswagen Vento Diesel Highline
-0.16628562,Honda City 1.5 GXI
-0.50008947,Volkswagen Polo Petrol Trendline 1.2L
-0.47065145,Maruti Alto 800 2016-2019 CNG LXI
1.4352951,Mercedes-Benz GLA Class 200 CDI
2.3847284,Hyundai Santa Fe 4X2
-0.32101932,Maruti Swift VDI
-0.40956002,Hyundai Elite i20 Sportz Plus
0.16590104,Mahindra Xylo E8 BS IV
-0.45405293,Hyundai Grand i10 Asta Option
-0.13268979,Volkswagen Vento Petrol Highline
0.65657747,Honda Accord 2.4 A/T
5.0211854,Mercedes-Benz S-Class S 350 d
0.59778994,Mercedes-Benz B Class B200 CDI
0.22953403,Hyundai Creta 1.6 SX Option Diesel
-0.6067753,Maruti Alto LXI
1.6142986,Audi A3 35 TDI Premium
-0.40711376,Renault Duster 85PS Diesel RxL
-0.61884457,Ford Fiesta 1.4 ZXi TDCi ABS
0.34439376,Hyundai Creta 1.6 SX Plus Diesel
-0.52606267,Ford Figo Diesel ZXI
-0.015227481,Volkswagen Polo Petrol Highline 1.6L
2.1067932,Volvo V40 D3 R Design
0.4997472,Hyundai Verna SX CRDi AT
4.628032,BMW 7 Series 2007-2012 730Ld
-0.3396521,Mitsubishi Lancer GLXD
1.2016418,Toyota Fortuner 3.0 Diesel
-0.29896018,Maruti Ciaz VDi Plus
-0.24780972,Maruti Vitara Brezza VDi Option
2.6980555,BMW 3 Series Luxury Line
0.08637132,Volkswagen Vento Petrol Highline AT
-0.47143623,Hyundai i20 1.2 Asta
4.599041,BMW X5 3.0d
-0.46084705,Hyundai Xcent 1.2 Kappa S
3.6944387,Mercedes-Benz E-Class 2009-2013 E250 CDI Blue Efficiency
0.45683214,Land Rover Freelander 2 SE
-0.5083524,Hyundai i10 Magna
0.3007051,Hyundai Verna 1.6 SX CRDi (O)
0.17202996,Volkswagen Jetta 2012-2014 2.0L TDI Highline
0.32950348,Mahindra XUV500 W8 2WD
-0.66305155,Maruti Omni 8 Seater BSII
0.32914153,Skoda Superb Style 1.8 TSI AT
-0.5724637,Maruti Swift VDI
0.3385541,Mahindra Scorpio 2.6 LX
2.3425152,Mercedes-Benz GLA Class 200 Sport Edition
0.29674053,Mahindra Thar CRDe
0.45554683,Renault Duster 110PS Diesel RxZ
0.95308083,Audi Q5 2008-2012 2.0 TDI
0.3134335,Land Rover Freelander 2 SE
0.07297639,Volkswagen Vento Diesel Comfortline
5.445587,BMW 5 Series 2003-2012 540i Sedan
0.2242407,Hyundai Elantra CRDi SX
-0.32572913,Tata Sumo EX
-0.5304556,Datsun redi-GO T
4.194444,BMW X5 xDrive 30d
4.4322577,BMW 6 Series 630i Coupe
-0.7582756,Maruti Alto Vxi 1.1
-0.6059294,Volkswagen Polo Petrol Comfortline 1.2L
-0.504792,Datsun GO Plus A
0.6181521,Hyundai Creta 1.6 VTVT S
-0.5045387,Maruti Alto K10 VXI
2.4998646,Hyundai Santa Fe 4X4
0.088346444,Volkswagen Polo GT TDI
-0.21281905,Honda Amaze S i-Dtech
-0.55306953,Maruti Esteem Vxi
-0.3584377,Maruti Swift VDI
0.0077423365,Skoda Rapid 1.6 TDI Ambition
4.118677,Mercedes-Benz E-Class 280 CDI
0.12700295,Mahindra Scorpio SLE BSIV
-0.36901727,Nissan Sunny 2011-2014 Diesel XL
-0.446724,Maruti Swift Dzire VXi
-0.4945446,Hyundai EON Sportz
-0.35612643,Honda Brio S MT
-0.4898554,Nissan Micra XV Primo
-0.6330455,Maruti Alto LXi BSII
0.85967803,BMW 3 Series 320d
-0.50008947,Volkswagen Polo 1.2 MPI Highline
-0.60668784,Maruti Celerio LXI
-0.43018505,Maruti Wagon R VXI 1.2
-0.20935488,Maruti Ciaz ZDi Plus
2.0347924,Audi A4 2.0 TDI
-0.35612643,Honda Brio S MT
0.9303375,Mahindra Scorpio VLX 2WD AT BSIV
0.0046634097,Honda City i DTEC V
1.014196,BMW X1 sDrive20d
-0.5327242,Chevrolet Spark 1.0 LT
-0.70632005,Ford Figo Diesel EXI
-0.4767608,Maruti Swift VXI BSIV
3.6107452,Mercedes-Benz New C-Class C 220 CDI Avantgarde
0.5023693,Skoda Octavia Elegance 2.0 TDI AT
2.1476045,BMW X3 xDrive20d xLine
-0.6169373,Hyundai EON Era Plus
2.6187196,Audi A4 35 TDI Technology
-0.32220683,Ford Figo 2015-2019 1.2P Titanium MT
-0.4859743,Maruti Alto K10 2010-2014 VXI
-0.51940554,Maruti Alto 800 2016-2019 VXI
3.6083732,Mercedes-Benz New C-Class C 220 CDI Style
-0.7338299,Hyundai Santro D Lite
-0.4422518,Hyundai Xcent 1.1 CRDi S
-0.007157723,Honda Amaze S i-Dtech
-0.60981095,Maruti Swift Vdi BSIII
-0.4989582,Volkswagen Polo 1.2 MPI Comfortline
-0.0417882,Audi A4 2.0 TDI 177 Bhp Premium Plus
1.729106,Land Rover Range Rover 3.6 TDV8 Vogue SE
0.28856078,Mahindra XUV500 W8 2WD
0.5763839,Ford Endeavour 2.5L 4X2
-0.45462018,Tata Indica V2 DLX
-0.4363571,Maruti Baleno Alpha
-0.6623073,Hyundai Xcent 1.1 CRDi Base
0.57651675,Honda Civic 2006-2010 1.8 S MT
-0.45605817,Hyundai i20 Sportz Option 1.2
0.36738437,Tata Nexon 1.2 Revotron XZ Plus
-0.40956002,Hyundai i20 Sportz 1.2
-0.3730849,Maruti Swift Dzire ZXI
-0.5293016,Maruti Wagon R LXI
-0.32210416,Hyundai i20 Sportz 1.4 CRDi
1.3742869,Toyota Fortuner 4x2 AT
-0.5205657,Hyundai i10 Sportz
-0.45405293,Hyundai Grand i10 Asta
-0.46630174,Hyundai i20 Asta 1.2
-0.56856793,Hyundai Santro Xing XL AT eRLX Euro II
-0.2758891,Maruti Vitara Brezza ZDi Plus
-0.07135941,Honda Amaze S i-Dtech
2.5004094,Mercedes-Benz M-Class ML 250 CDI
-0.50993973,Hyundai i20 Sportz Diesel
-0.6503466,Hyundai i10 Era
-0.5226523,Maruti Swift Dzire VDI
6.3247185,BMW Z4 2009-2013 Roadster 2.5i
-0.28881282,Maruti Baleno Alpha Diesel
-0.63837856,Chevrolet Beat Diesel
-0.384502,Honda Brio V MT
-0.57256085,Ford Figo Diesel Titanium
-0.42359626,Maruti Celerio VXI AT
3.2581155,Mercedes-Benz New C-Class C 220 CDI Elegance AT
-0.5459565,Hyundai Santro Xing XL AT eRLX Euro III
-0.30058146,Honda Brio S MT
-0.35662487,Maruti Baleno Alpha CVT
-0.5298315,Hyundai EON Sportz
-0.3984599,Toyota Prius 2009-2016 Z4
-0.4121163,Hyundai i20 1.4 CRDi Sportz
3.6759365,Ford Endeavour 3.2 Titanium AT 4X4
0.16412859,Honda City i-VTEC VX
-0.40266696,Maruti SX4 ZDI
-0.044409566,Chevrolet Optra Magnum 1.6 LS Petrol
0.07744535,Volkswagen Vento Diesel Highline
0.08878055,Honda City V MT
0.4062978,Hyundai Creta 1.6 CRDi SX Option
-0.5882507,Hyundai Xcent 1.1 CRDi SX
3.7225513,Mercedes-Benz GLC 220d 4MATIC Style
-0.64726204,Ford Figo Diesel EXI
-0.023995353,Volkswagen Jetta 2007-2011 2.0 TDI Trendline
-0.19983642,Mahindra TUV 300 2015-2019 T8
-0.074026376,Ford Ecosport 1.5 Ti VCT MT Titanium
0.09541451,Hyundai Verna 1.6 SX VTVT (O)
-0.5851058,Maruti Wagon R LXI CNG
-0.40956002,Hyundai i20 Sportz 1.2
0.45554063,Audi A4 New 2.0 TDI Multitronic
-0.5247976,Nissan Micra Active XV S
2.5697186,Mercedes-Benz M-Class ML 250 CDI
2.4275568,Land Rover Discovery Sport TD4 S
0.5337943,Hyundai Creta 1.6 SX Option Executive
0.032240678,Skoda Rapid 1.6 TDI Active
-0.4157541,Maruti Swift Dzire VDI
0.38210258,Hyundai Creta 1.6 SX
-0.6757742,Hyundai Grand i10 CRDi Sportz
-0.2475055,Mahindra TUV 300 T8
-0.48740703,Hyundai Grand i10 CRDi Sportz
4.2762814,BMW X5 xDrive 30d
-0.07983326,Maruti Dzire AMT VDI
1.6584285,Toyota Fortuner 4x4 MT
1.465231,Audi A6 2011-2015 35 TDI Technology
-0.11679189,Honda Jazz 1.5 V i DTEC
1.7103196,Audi Q7 4.2 TDI Quattro Technology
0.5018622,Mahindra Scorpio 2009-2014 VLX 2WD 7S BSIV
0.4550198,Chevrolet Cruze LTZ
-0.7068644,Chevrolet Beat Diesel LT
2.6187196,Audi A4 35 TDI Premium Plus
0.19135848,Skoda Rapid 1.6 MPI AT Style
-0.48360547,Maruti Swift Dzire VDI
1.0778018,Toyota Fortuner 3.0 Diesel
-0.6006266,Maruti Swift VDI
0.06450561,Honda City 1.5 V MT Exclusive
2.4267542,Mercedes-Benz M-Class ML 250 CDI
-0.53425246,Maruti Swift Ldi BSIII
0.07574217,Ford Aspire Titanium Diesel
-0.5064998,Hyundai i10 Sportz
-0.43308076,Fiat Punto 1.4 Emotion
-0.6581367,Maruti Alto LXi
-0.5172675,Toyota Etios Liva GD
-0.71371,Maruti Swift VXI BSIV
3.6107452,Mercedes-Benz New C-Class C 220 CDI Avantgarde
-0.6875848,Tata Indica V2 DLE BSIII
-0.5586967,Maruti Alto 800 VXI
5.1324544,Skoda Superb 2.8 V6 AT
-0.50008947,Volkswagen Polo Petrol Comfortline 1.2L
-0.27592233,Maruti Dzire AMT ZXI Plus
0.3852879,Mahindra Scorpio VLX
-0.6002753,Maruti Swift Vdi BSIII
1.2691416,BMW 3 Series 320d Prestige
-0.76539445,Tata Nano STD SE
0.4850727,Toyota Innova 2.5 VX (Diesel) 8 Seater
-0.31975326,Honda Brio S Option MT
-0.20270398,Tata Tiago AMT 1.2 Revotron XZA
0.663288,Mahindra Scorpio SLE BSIV
2.2643192,BMW 5 Series 2003-2012 525d
-0.43458658,Toyota Corolla Altis D-4D GL
0.23268989,Honda City i VTEC CVT VX
0.32496294,Hyundai Verna CRDi 1.6 SX Option
-0.3018122,Maruti Swift Dzire VDI Optional
-0.25691912,Maruti Ciaz ZXi
-0.34486583,Ford Ecosport 1.5 DV5 MT Titanium
-0.7047556,Maruti Alto K10 2010-2014 VXI
-0.2557174,Honda Amaze V CVT Petrol
0.28544575,Mahindra XUV500 W6 2WD
-0.21144733,Mahindra TUV 300 2015-2019 T8
-0.26777077,Honda Jazz VX
-0.20670491,Maruti Swift VXI BSIII W/ ABS
-0.6059294,Volkswagen Polo Petrol Highline 1.2L
0.23761359,Hyundai Creta 1.6 SX Option Diesel
-0.6271861,Chevrolet Beat LS
-0.006691432,Honda Amaze VX i-DTEC
-0.046984278,Mercedes-Benz E-Class 230 E AT
6.0514627,BMW 5 Series 530d M Sport
1.6142986,Audi A3 35 TDI Premium Plus
-0.5165331,Maruti Swift Dzire VDI
-0.39121035,Maruti Swift Dzire VDI
0.2738276,Toyota Innova 2.5 V Diesel 7-seater
2.2589076,BMW X3 xDrive20d
2.20777,BMW 5 Series 2003-2012 525d
0.21811493,Mahindra XUV500 W8 2WD
0.088146456,Honda City 1.5 S MT
0.16531052,Force One LX 4x4
-0.39005837,Volkswagen Polo 1.5 TDI Comfortline
-0.20235312,Honda Jazz S
-0.48401827,Toyota Etios Liva GD SP
0.8300721,Nissan Terrano XV Premium 110 PS
2.4066195,BMW X3 xDrive 20d xLine
-0.61064994,Hyundai i20 1.2 Magna
-0.47756496,Maruti Eeco 5 STR With AC Plus HTR CNG
-0.5671352,Ford Fiesta EXi 1.4 TDCi Ltd
-0.04057006,Honda City 1.5 V AT
-0.5205514,Maruti Swift VDI BSIV
-0.537934,Hyundai Grand i10 CRDi SportZ Edition
4.5751953,Audi Q7 45 TDI Quattro Technology
-0.5066883,Volkswagen Ameo 1.2 MPI Highline 16 Alloy
0.23268989,Honda City i VTEC CVT VX
-0.26412725,Maruti Baleno Alpha 1.3
-0.537934,Hyundai Grand i10 CRDi Sportz
-0.6068219,Maruti Swift Dzire VDi
-0.5267382,Maruti Swift 1.3 VXi
0.99968064,Land Rover Freelander 2 TD4 HSE
1.3046622,Toyota Fortuner 3.0 Diesel
0.025930127,Honda Jazz VX Diesel
-0.24780972,Maruti Vitara Brezza LDi Option
-0.35675195,Maruti Swift Dzire VDI
0.03104319,Skoda Rapid 1.5 TDI AT Elegance
1.5760823,Land Rover Freelander 2 TD4 SE
-0.52711356,Maruti Alto 800 LXI
-0.63774544,Volkswagen Polo Petrol Highline 1.2L
-0.0540081,Honda City i DTEC SV
-0.4880642,Maruti Swift Dzire LDI
2.7662308,Audi A4 2.0 TDI 177 Bhp Technology Edition
0.18700807,Honda City i VTEC VX
-0.32220683,Ford Figo Aspire 1.2 Ti-VCT Ambiente
-0.24780972,Maruti Vitara Brezza LDi
0.3642043,Renault Duster 110PS Diesel RxL
-0.48002952,Hyundai i20 Active 1.4 SX
-0.6377438,Mahindra Logan Petrol 1.4 GLE
-0.46709576,Honda City ZX GXi
-0.7028515,Ford Figo Petrol EXI
-0.022083677,Renault Duster Petrol RxL
-0.5205657,Hyundai i10 Sportz 1.2
2.2385538,Land Rover Discovery Sport TD4 HSE 7S
2.3978188,Audi Q5 2008-2012 2.0 TFSI Quattro
-0.7409014,Maruti Versa DX2 BS II
-0.3018122,Maruti Swift Dzire ZDI
2.282287,Audi A4 2.0 TDI Premium Sport Limited Edition
-0.51386714,Volkswagen Polo 1.2 MPI Comfortline
1.0778018,Toyota Fortuner 3.0 Diesel
1.0778018,Toyota Fortuner 3.0 Diesel
1.050415,Honda Accord 2.4 MT
-0.4591262,Maruti Swift ZDi
-0.77744615,Skoda Fabia 1.2 MPI Classic
2.5687504,Jeep Compass 2.0 Sport
-0.6016557,Tata Nano Twist XT
-0.2721926,Ford Fiesta 1.6 ZXi ABS
-0.42049098,Maruti Celerio ZDi
1.2572331,Toyota Fortuner 3.0 Diesel
-0.4259776,Maruti Celerio ZDi
-0.5298315,Hyundai EON Era Plus
-0.17405516,Ford Fiesta Diesel Trend
-0.50008947,Volkswagen Polo 1.2 MPI Comfortline
-0.4989582,Volkswagen Polo 1.2 MPI Comfortline
-0.29101947,Maruti Vitara Brezza ZDi
-0.4644626,Honda Brio S MT
-0.37986222,Maruti Swift Dzire VXi
-0.4952718,Maruti Celerio LXI MT
0.6373927,Hyundai Creta 1.6 SX Plus Petrol Automatic
-0.1932571,Ford Ecosport 1.5 DV5 MT Titanium
-0.46000206,Maruti Swift VDI BSIV W ABS
0.24984978,Honda CR-V RVi MT
3.331841,Land Rover Discovery Sport SD4 HSE Luxury 7S
0.30044314,Mahindra XUV500 W8 2WD
-0.5670257,Volkswagen Polo 1.2 MPI Highline
-0.4571342,Hyundai i10 Magna AT
-0.60916555,Hyundai i10 Magna 1.2
0.05240931,Chevrolet Cruze LTZ AT
2.333255,Mercedes-Benz E-Class E 200 CGI
0.2950495,Hyundai Sonata 2.4 GDI
1.8451822,Mercedes-Benz New C-Class C 200 Kompressor Elegance AT
-0.37290353,Volkswagen Polo Diesel Trendline 1.2L
0.16412859,Honda City i VTEC SV
-0.24780972,Maruti Vitara Brezza ZDi
-0.40956002,Hyundai Elite i20 Asta Option
0.4210896,Tata New Safari Dicor EX 4X2
-0.170711,Nissan Sunny 2011-2014 Diesel XL
5.113258,BMW 3 Series 330 Ci Convertible
-0.0025899028,Toyota Corolla 1.8 J
0.26619366,Hyundai Verna 1.6 SX
-0.37354794,Maruti Swift Dzire VDi
-0.45332858,Maruti Dzire VDI
-0.5045387,Maruti Alto K10 VXI
1.2709953,Jaguar XJ 5.0 L V8 Supercharged
3.3111818,Mercedes-Benz New C-Class 220 CDI AT
0.34800884,Hyundai Verna CRDi 1.6 SX Option
-0.26453778,Chevrolet Aveo 1.6 LT
-0.67906076,Maruti Swift VXI BSIV
0.19858852,Hyundai Verna 1.6 CRDi S
3.7201793,Mercedes-Benz GLC 220d Celebration Edition
1.6135397,Toyota Fortuner 4x2 Manual
2.9123642,Audi Q5 2008-2012 2.0 TDI
0.52461773,BMW 3 Series 320d Dynamic
-0.51940554,Maruti Alto 800 2016-2019 LXI
-0.63856983,Maruti Alto K10 2010-2014 VXI
0.73325086,Audi A4 1.8 TFSI Technology Edition
-0.5039321,Maruti Swift VXi BSIV
-0.46672514,Maruti Wagon R VXI
0.17249633,Skoda Rapid 1.5 TDI Ambition
-0.4652325,Honda Jazz S
0.17285067,Mahindra XUV500 W10 2WD
-0.36813354,Maruti Ritz VXi
2.127356,Mercedes-Benz GLE 250d
0.08176729,Skoda Rapid 1.6 TDI Ambition
-0.593523,Hyundai Grand i10 CRDi Magna
-0.40956002,Hyundai Elite i20 Petrol Asta
-0.30724487,Tata Zest Quadrajet 1.3 75PS XE
-0.3921535,Hyundai i20 Magna 1.4 CRDi
-0.23812489,Skoda Rapid 1.6 TDI Elegance
-0.28133997,Fiat Linea Emotion
-0.35949022,Maruti Swift VXI BSIII W/ ABS
-0.6741153,Tata Indica V2 2001-2011 eLS
0.37925166,Mercedes-Benz New C-Class C 220 CDI Elegance AT
6.106318,Mercedes-Benz GLE 350d
-0.58719766,Hyundai Santro Xing XP
0.09465749,Honda City V MT AVN
-0.67260617,Hyundai i20 Magna
1.5622559,Toyota Fortuner 4x2 Manual
-0.45405293,Hyundai Grand i10 Magna
-0.10876398,Volkswagen Jetta 2007-2011 2.0 TDI Comfortline
-0.21482456,Ford EcoSport 1.5 Ti VCT AT Titanium
-0.48387334,Hyundai EON Magna Plus
-0.43684298,Nissan Micra XV CVT
-0.23531821,Honda Jazz 1.2 V CVT i VTEC
-0.48566398,Volkswagen Polo 1.2 MPI Trendline
-0.5222118,Maruti Alto LXi
0.3157775,Hyundai Verna 1.6 SX
1.1334507,Mercedes-Benz E-Class 2009-2013 E 220 CDI Avantgarde
-0.213986,Tata Zest Revotron 1.2 XT
-0.3662514,Honda Brio S Option MT
0.025930127,Honda Jazz VX Diesel
-0.4792745,Maruti Alto K10 VXI AGS
-0.7461785,Maruti Zen VXi - BS III
-0.4837103,Hyundai i20 Sportz 1.4 CRDi
-0.024150195,Maruti SX4 S Cross DDiS 320 Zeta
3.7957268,Mercedes-Benz E-Class 2009-2013 E250 CDI Elegance
-0.1095949,Chevrolet Enjoy Petrol LS 7 Seater
2.293424,Mercedes-Benz E-Class 2009-2013 E250 CDI Blue Efficiency
0.3097982,Mahindra XUV500 W4
-0.5205657,Hyundai i10 Sportz
-0.6971985,Hyundai Getz 1.3 GLS
4.2495737,Audi Q7 3.0 TDI quattro
0.46803787,Mahindra Scorpio SLE BSIV
-0.27335054,Honda Jazz 1.2 SV i VTEC
0.4902216,Tata Safari Storme 2012-2015 EX
0.20936675,Mahindra XUV500 W6 2WD
-0.625021,Volkswagen Polo Diesel Comfortline 1.2L
-0.49596986,Maruti Swift Dzire ZDi
1.8499904,Audi Q3 2.0 TDI
-0.4952718,Maruti Celerio ZXI
0.114872366,Honda City V MT Exclusive
-0.40956002,Hyundai i20 1.2 Spotz
-0.53571934,Renault KWID RXT
1.4912509,Mercedes-Benz CLA 200 CDI Sport
-0.18351755,Ford Ecosport 1.5 DV5 MT Titanium
-0.40956002,Hyundai i20 Asta 1.2
0.4579336,Toyota Innova 2.5 ZX Diesel 7 Seater
-0.36901727,Nissan Sunny 2011-2014 Diesel XL
-0.5428287,Maruti Swift VDI BSIV
-0.61619335,Maruti A-Star Vxi
-0.3517342,Maruti Swift ZXI
1.4912509,Mercedes-Benz CLA 200 CDI Sport
-0.22605565,Maruti Ertiga ZXI
-0.67335147,Maruti Wagon R LXI
-0.57035977,Volkswagen Polo Diesel Trendline 1.2L
-0.3445176,Ford Ecosport 1.5 DV5 MT Titanium Optional
-0.15448229,Honda City i DTEC VX
0.21103743,Toyota Corolla Altis 1.8 GL
0.22712594,Mahindra XUV500 W8 2WD
-0.51940554,Maruti Alto 800 2016-2019 VXI
4.6752954,BMW 5 Series 530d M Sport
-0.5298315,Hyundai EON D Lite Plus
-0.48213226,Maruti Swift Dzire VDI
-0.57093096,Maruti Celerio CNG VXI MT
1.4524496,Audi A4 2.0 TDI
0.032398302,Skoda Superb Elegance 1.8 TSI AT
-0.213986,Tata Zest Revotron 1.2T XM
0.30921093,Force One LX ABS 7 Seating
0.16412859,Honda City i-VTEC VX
-0.12554961,Nissan Sunny 2011-2014 XV
-0.40360972,Maruti Swift 1.3 LXI
-0.008082046,Volkswagen Vento Petrol Highline AT
0.57821757,Hyundai Verna 1.6 SX VTVT AT
0.17355615,Hyundai Verna CRDi 1.6 AT SX Plus
0.24779768,Audi A4 2.0 TDI Multitronic
-0.1273637,Maruti SX4 Vxi BSIV
3.3300767,Ford Endeavour 2.2 Titanium AT 4X2
-0.45942315,Maruti Swift LXI BSIV
-0.6475881,Hyundai Grand i10 CRDi Magna
-0.31119892,Volkswagen Polo 1.5 TDI Highline
0.08222172,Mercedes-Benz E-Class 230
-0.3982844,Hyundai i20 Asta 1.2
-0.4792745,Maruti Alto K10 VXI AGS
-0.48101783,Maruti Ertiga VDI
-0.42359626,Maruti Celerio VXI AT
-0.4036501,Renault KWID Climber 1.0 AMT
0.44477952,Mahindra Scorpio SLE BSIV
0.36175692,Toyota Innova 2.5 GX (Diesel) 7 Seater BS IV
-0.41846013,Volkswagen Polo Diesel Highline 1.2L
-0.6169379,Ford Figo Diesel ZXI
-0.27452308,Nissan Terrano XL Plus 85 PS
0.20043191,Force One LX 4x4
-0.49666166,Renault KWID 1.0 RXT Optional AMT
0.14196503,Skoda Rapid 1.5 TDI Elegance
0.45125765,Mahindra XUV500 AT W10 FWD
-0.6547965,Ford Figo Diesel Titanium
-0.14513779,Mahindra Bolero ZLX
0.5351415,Volkswagen Vento 1.5 TDI Highline
0.42667088,Toyota Innova 2.5 VX (Diesel) 8 Seater BS IV
0.35207203,Mahindra XUV500 W8 2WD
0.059804197,Ford Ecosport 1.5 Ti VCT MT Titanium
0.3595184,Volkswagen Jetta 2012-2014 2.0L TDI Highline AT
0.38979152,Tata New Safari DICOR 2.2 VX 4x4
4.7723656,BMW 3 Series 330d Convertible
-0.50008947,Volkswagen Polo 1.2 MPI Highline
-0.48110387,Hyundai i20 Magna Optional 1.2
-0.47987425,Maruti Ertiga ZDI
0.16412859,Honda City i VTEC V
0.123964205,Honda City 1.5 S MT
0.4639626,Volkswagen Jetta 2013-2015 2.0L TDI Highline AT
-0.19530962,Honda Amaze VX i-DTEC
0.105695166,Mahindra XUV500 W8 2WD
0.01477477,Toyota Corolla Altis VL
-0.7738577,Hyundai Santro Xing XL eRLX Euro III
0.82110494,BMW 3 Series 320d
-0.14061987,Ford EcoSport 1.5 Diesel Trend
-0.69746596,Hyundai i20 Asta Optional with Sunroof 1.2
0.0028407155,Honda City 1.5 S AT
-0.53029263,Maruti Ritz VDI (ABS) BS IV
-0.5935018,Hyundai i10 Era 1.1
-0.42913213,Chevrolet Sail 1.2 LS
0.24982068,Hyundai Verna 1.6 SX CRDi (O)
0.3742616,Hyundai Creta 1.6 SX Option
-0.44138318,Chevrolet Sail 1.2 LS
0.6551932,Audi Q5 2.0 TDI
0.10923014,Honda City 1.5 V MT Exclusive
0.11196522,Ford EcoSport 1.5 Petrol Titanium
6.031279,Audi Q7 3.0 TDI Quattro Premium Plus
-0.7228655,Hyundai i10 Magna 1.2
-0.4709356,Hyundai i20 1.2 Asta
-0.5118268,Maruti Swift Dzire 1.2 Vxi BSIV
-0.58577627,Tata Indica V2 eLX
5.940736,BMW 5 Series 2010-2013 530d
-0.4525291,Maruti Swift VDI
-0.14149302,Ford Freestyle Titanium Plus Petrol
0.012070231,Hyundai Verna XXi ABS (Petrol)
1.3604987,BMW 3 Series 320d Highline
0.9759537,Toyota Innova 2.5 G4 Diesel 8-seater
2.2991288,Mercedes-Benz New C-Class C 250 CDI Elegance
0.19720946,Hyundai Elantra 1.6 SX
-0.4525291,Maruti Ritz ZDi
-0.4023005,Maruti Vitara Brezza ZDi Plus Dual Tone
-0.737852,Hyundai Xcent 1.2 Kappa S
0.07650539,Honda City i DTEC V
-0.53571934,Renault KWID RXT
-0.52688926,Toyota Etios Cross 1.4L VD
-0.5045387,Maruti Alto K10 VXI
-0.25952402,Tata Tiago 1.2 Revotron XM Option
-0.29333878,Hyundai i20 1.4 CRDi Magna
1.0787339,Audi A4 2.0 TDI
-0.5110313,Maruti Swift VDI
-0.5066883,Volkswagen Ameo 1.2 MPI Highline
0.17906174,Honda BRV i-VTEC V CVT
-0.5013223,Hyundai i20 Asta
2.6927786,Hyundai Santa Fe 4X4
-0.6521602,Honda City 1.5 GXI
-0.42359626,Maruti Celerio ZXI Optional AMT
0.45661673,Hyundai Creta 1.6 SX
-0.685728,Tata Indica V2 DL BSIII
0.0734791,Volkswagen Vento Petrol Highline
-0.60331964,Maruti Celerio VXI
1.4912509,Mercedes-Benz CLA 200 D Sport Edition
-0.52711356,Maruti Alto 800 LXI
3.6759365,Ford Endeavour 3.2 Titanium AT 4X4
-0.40987393,Tata Zest Revotron 1.2T XE
0.022511125,Volkswagen Vento 1.6 Comfortline
-0.24804367,Maruti Ertiga ZXI
4.3840013,Mercedes-Benz M-Class ML 350 CDI Corporate
-0.4989582,Volkswagen Polo 1.2 MPI Highline
1.4450703,Toyota Fortuner 4x2 AT
-0.4952718,Maruti Celerio VXI
1.2769476,BMW 3 Series 320d Corporate Edition
-0.19019501,Honda City ZX VTEC
0.18763155,Mitsubishi Cedia Sports
-0.49077663,Renault Pulse Petrol RxL
-0.2736448,Volkswagen Polo 1.5 TDI Highline
-0.18470521,Maruti Baleno RS Petrol
-0.5205657,Hyundai i10 Magna
-0.46839225,Hyundai i20 1.2 Spotz
6.3247185,BMW Z4 2009-2013 35i
-0.66885895,Hyundai i10 Sportz 1.2
2.343536,Mini Cooper S Carbon Edition
-0.48355454,Honda Brio V MT
-0.27486238,Maruti Ciaz ZXi Option
-0.37354794,Maruti Swift Dzire ZDi
-0.5117424,Volkswagen Polo Diesel Comfortline 1.2L
1.0118515,BMW X1 sDrive20d
6.4788375,Audi Q7 3.0 TDI Quattro Premium Plus
-0.006691432,Ford Figo 1.5D Trend MT
2.6980555,BMW 3 Series Luxury Line
4.8899674,Mercedes-Benz M-Class ML 350 CDI Corporate
-0.53288466,Maruti Wagon R LX BSIII
-0.4363571,Maruti Baleno Zeta 1.2
-0.5410073,Maruti Dzire VXI
-0.6899717,Chevrolet Aveo U-VA 1.2 LT
-0.2736448,Volkswagen Polo 1.5 TDI Highline
0.8683379,Land Rover Freelander 2 TD4 SE
1.9901278,Audi Q5 30 TDI quattro Premium
2.4679573,Audi A6 35 TDI Matrix
-0.506656,Hyundai Grand i10 1.2 CRDi Sportz
0.21451533,Mahindra Scorpio SLE BSIV
-0.50937754,Tata Bolt Quadrajet XE
-0.5221185,Hyundai EON Era Plus
0.4993681,Mahindra Scorpio S8 8 Seater
-0.17705029,Honda Accord 2001-2003 2.0 AT
-0.4989582,Volkswagen Polo 1.2 MPI Highline
-0.573203,Maruti Eeco 7 Seater Standard
-0.48500144,Hyundai Grand i10 CRDi Sportz
3.6759365,Ford Endeavour 3.2 Titanium AT 4X4
-0.58907706,Hyundai Grand i10 1.2 CRDi Sportz
-0.53146464,Maruti Swift VDI
-0.40956002,Hyundai i20 1.2 Asta Option
-0.23416114,Maruti Swift Dzire VXi
1.7723206,BMW 3 Series 320d Luxury Line
-0.63049453,Honda City ZX GXi
-0.5148726,Hyundai i10 Sportz 1.2 AT
0.01285081,Ford Ecosport Signature Edition Diesel
-0.5352191,Maruti Celerio ZXI MT
-0.6191598,Maruti Ertiga VDI
0.37817132,Toyota Innova 2.5 V Diesel 8-seater
0.18700807,Honda City i VTEC SV
-0.5189181,Maruti Swift Dzire VXI
-0.3629029,Maruti Ritz LXi
-0.27875683,Hyundai i20 Sportz AT 1.4
-0.40735206,Hyundai i20 Active SX Dual Tone Petrol
-0.011321341,Honda City 1.5 E MT
1.6207551,Porsche Cayenne S Diesel
-0.28010857,Honda Amaze VX i-VTEC
0.6943195,Honda Civic 2006-2010 1.8 S AT
-0.49226275,Hyundai i20 Magna 1.2
0.40432414,Hyundai Creta 1.6 CRDi SX
1.1921357,Audi Q3 2012-2015 2.0 TDI Quattro Premium Plus
-0.51940554,Maruti Alto 800 2016-2019 LXI
0.46833512,BMW X1 sDrive 20d Exclusive
-0.6612096,Hyundai i10 Magna
0.6582874,Volkswagen Ameo 1.5 TDI Highline
-0.67404884,Volkswagen Polo Petrol Highline 1.2L
-0.2567858,Maruti Ciaz VXi Plus
0.34260365,Volkswagen Polo GT TSI
-0.6443986,Hyundai Xcent 1.1 CRDi Base
0.64148146,Honda Civic 2006-2010 1.8 S MT
-0.5980483,Honda City ZX GXi
-0.18354024,Mahindra Bolero ZLX
0.16412859,Honda City i VTEC V
-0.55230045,Hyundai Xcent 1.2 CRDi S
0.45384634,Renault Duster 110PS Diesel RxL
-0.5214897,Maruti A-Star AT VXI
2.7662308,Audi A4 2.0 TDI 177 Bhp Premium Plus
0.34020427,Mahindra XUV500 W8 2WD
-0.47114134,Renault Pulse Petrol RxZ
1.9458295,BMW 3 Series 320d
0.4235381,Toyota Innova Crysta 2.4 GX MT
0.12948053,Honda City 1.5 S MT
-0.53029263,Maruti Swift VDI
0.341082,Renault Duster 110PS Diesel RxZ Plus
-0.50008947,Volkswagen Polo 1.2 MPI Comfortline
-0.40735206,Hyundai i20 Active 1.2 S
2.5560677,BMW 5 Series 2013-2017 520d Luxury Line
-0.36847502,Maruti Swift Dzire LDI
1.1874034,Mercedes-Benz M-Class ML 350 4Matic
-0.28881282,Maruti Swift LDI
0.49466118,Hyundai Verna 1.6 CRDI AT SX Option
-0.41581458,Tata Nano XTA
-0.4459727,Maruti Swift Dzire LXi
-0.41582015,Hyundai i20 Asta Option 1.2
-0.7264413,Hyundai i20 1.2 Sportz
-0.30907753,Maruti Ciaz ZXi
3.3937695,Land Rover Range Rover 2.2L Prestige
-0.64431053,Tata Indigo LX BSII
-0.213986,Tata Zest Revotron 1.2T XM
0.007979143,Mahindra XUV500 W10 1.99 mHawk
0.69973594,Honda Accord 2.4 AT
-0.6016557,Tata Nano Twist XT
0.15855327,Hyundai Elantra CRDi S
-0.61613756,Tata Indica V2 eLS
-0.17413272,Honda Amaze S i-Dtech
0.25435388,Mahindra XUV500 W8 2WD
1.1241107,BMW X3 xDrive 20d Expedition
-0.4503428,Hyundai Grand i10 1.2 Kappa Magna
-0.4363571,Maruti Baleno Zeta 1.2
0.47449875,Hyundai Verna 1.6 CRDi AT SX
-0.29187998,Maruti Ertiga VDI
1.6846944,Mini Cooper S Carbon Edition
-0.3133851,Maruti Ritz ZDi
0.10808841,Skoda Laura L n K 1.9 PD AT
-0.34593672,Ford Ecosport 1.5 DV5 MT Titanium Optional
-0.40956002,Hyundai i20 2015-2017 Sportz 1.2
-0.35612643,Honda Brio E MT
-0.007157723,Honda Amaze S i-Dtech
0.005357635,BMW 5 Series 2003-2012 520d
4.46607,Audi Q7 3.0 TDI Quattro Premium Plus
-0.54112107,Hyundai Grand i10 CRDi Magna
-0.38539422,Nissan Micra Diesel XV
-0.45405293,Hyundai Grand i10 Sportz
-0.5298315,Hyundai EON Era
1.5288668,Mercedes-Benz New C-Class C250 Avantgarde
3.3937695,Land Rover Range Rover 2.2L Pure
3.4194858,Mahindra Ssangyong Rexton RX7
-0.27486238,Maruti Ciaz 1.4 Delta
1.6324159,Mercedes-Benz R-Class R350 4Matic Long
-0.2882299,Maruti Dzire AMT VXI
1.6294506,Land Rover Range Rover Vogue SE 4.4 SDV8
0.4445454,Renault Duster 110PS Diesel RxZ
0.22803576,Hyundai Verna 1.6 SX
0.2507065,Toyota Corolla Altis 1.8 VL CVT
2.7685616,BMW 3 Series Sport
-0.0007372462,Ford EcoSport 1.5 Ti VCT MT Signature
-0.5578083,Maruti Swift VDI BSIV
3.8592944,Hyundai Santa Fe 4x4 AT
-0.6558984,Tata Indica V2 DLS
-0.53681403,Hyundai Grand i10 CRDi Sportz
-0.6851995,Hyundai Santro Xing XL
-0.386993,Maruti Wagon R VXI AMT
0.3097982,Mahindra XUV500 W10 2WD
2.0298584,Audi A4 2.0 TDI
0.009410627,Volkswagen Vento Diesel Highline
-0.24780972,Maruti Vitara Brezza ZDi Plus Dual Tone
-0.6468636,Maruti Zen LX
-0.5047822,Hyundai i10 Era
-0.213986,Honda WR-V Edge Edition i-VTEC S
-0.12600245,Honda City i DTEC VX
0.962775,Toyota Fortuner 4x2 4 Speed AT
0.90821403,Mahindra XUV500 AT W10 FWD
-0.17844209,Ford Endeavour XLT TDCi 4X4
-0.6595566,Ford Figo Diesel ZXI
-0.23168708,Honda Jazz 1.2 V CVT i VTEC
1.8592868,Ford Endeavour 3.2 Titanium AT 4X4
-0.095204934,Nissan Sunny XL CVT
-0.477105,Skoda Octavia Ambiente 1.9 TDI MT
-0.6665321,Chevrolet Beat Diesel LT
0.65148485,Toyota Camry W2 (AT)
0.29334986,Renault Duster 110PS Diesel RxZ
1.4912509,Mercedes-Benz GLA Class 200 d Style
-0.26453334,Tata Zest Revotron 1.2T XMS
-0.585985,Hyundai i20 1.2 Magna
-0.3504528,Maruti Wagon R VXI AMT1.2
-0.47881863,Hyundai Xcent 1.2 CRDi S
0.17306182,Honda City 1.5 S MT
-0.29247132,Hyundai Accent GLE
-0.21313906,Hyundai Verna Xi (Petrol)
-0.728313,Ford Figo Petrol ZXI
-0.14163543,Honda Amaze S i-Dtech
-0.5596827,Maruti Wagon R LX BSII
-0.55873716,Maruti Swift VDI BSIV
6.5289497,Mercedes-Benz E-Class Facelift
2.8129344,Audi A6 2011-2015 35 TDI Technology
5.4804335,Mercedes-Benz S Class 2005 2013 S 350 CDI
-0.558486,Maruti Swift Dzire LDi
0.31795114,Toyota Corolla H2
0.48913828,Mahindra Scorpio S10 7 Seater
-0.46672514,Maruti Wagon R VXI
1.4807309,Toyota Fortuner 4x2 Manual
-0.49340656,Maruti Zen Estilo 1.1 LX BSIII
-0.6529117,Tata Nano CX
-0.66494346,Hyundai i20 Magna
0.736433,BMW 3 Series 320d
0.31680676,Mahindra XUV500 W6 2WD
-0.07604566,Volkswagen Vento IPL II Petrol Trendline
-0.64450544,Skoda Fabia 1.2 MPI Classic
-0.5552542,Tata Nano Twist XT
-0.62539965,Ford Figo Diesel EXI
0.013492946,Volkswagen Vento IPL II Petrol Highline AT
2.1719975,Land Rover Range Rover HSE Dynamic
0.008078092,Honda City i DTEC SV
-0.386993,Renault KWID Climber 1.0 AMT
-0.45405293,Hyundai Grand i10 Asta Option
0.63576466,Chevrolet Cruze LTZ AT
-0.21820508,Hyundai i20 1.4 Asta
-0.4792745,Maruti Alto K10 VXI AGS
0.27019158,Hyundai Creta 1.6 SX Option Diesel
-0.29691958,Honda Amaze VX i-Vtech
-0.2772011,Hyundai i20 Active 1.4 SX Dual Tone
-0.47108188,Maruti Celerio VXI
2.0298584,Audi A4 2.0 TDI
-0.45531443,Hyundai Verna 1.4 CRDi
-0.43095067,Renault Fluence Diesel E4
-0.4989582,Volkswagen Polo 1.2 MPI Highline
-0.47411352,Tata Indigo LX
-0.60205406,Hyundai i10 Sportz
4.3998213,BMW 7 Series 730Ld Sedan
0.57488674,Hyundai Creta 1.6 CRDi AT SX Plus
-0.45405293,Hyundai Grand i10 Magna
-0.5725699,Maruti Ritz VDi
0.360746,Mahindra Scorpio 2.6 SLX CRDe
-0.58376336,Hyundai i10 Era
0.47991282,Tata Safari Storme 2012-2015 VX
0.65672433,Honda Civic 2006-2010 1.8 V MT
-0.6432001,Maruti Zen Estilo LXI BSIII
-0.56667864,Maruti Swift Dzire VDI
4.095768,Toyota Fortuner 4x2 Manual
-0.45954508,Maruti Swift VDI
-0.6024968,Maruti Wagon R Duo LX BSIII
-0.31217068,Maruti Dzire LDI
-0.4427773,Hyundai Grand i10 Asta
-0.53571934,Renault KWID RXL
-0.59483755,Tata Indigo CS eGLX BS IV
-0.61971647,Ford Figo Diesel Titanium
5.482167,Porsche Cayenne 2009-2014 Diesel
-0.5045387,Maruti Alto K10 VXI
0.05232181,Volkswagen Vento 1.5 TDI Highline
0.360746,Mahindra Scorpio 2.6 SLX CRDe
2.4066195,BMW X3 xDrive 20d Luxury Line
-0.09129867,Honda City 1.5 V MT
2.178659,Mini Cooper 3 DOOR S
0.77757007,Mitsubishi Pajero Sport 4X4 AT
-0.4896914,Maruti Swift Dzire VDi
2.0625257,Bentley Continental Flying Spur
-0.3514783,Maruti Ertiga VDI
0.18184896,Toyota Innova 2.5 G4 Diesel 7-seater
2.4463193,Mercedes-Benz New C-Class C 200 Kompressor Elegance MT
3.3088098,Mercedes-Benz New C-Class C 220 CDI BE Avantgare
-0.1932571,Ford Ecosport 1.5 DV5 MT Titanium Optional
-0.6869669,Toyota Etios Liva 1.2 G
-0.7228655,Hyundai i10 Magna 1.2
-0.6885411,Hyundai Santro LP - Euro II
0.66911185,Land Rover Freelander 2 SE
0.36175692,Toyota Innova 2.5 V Diesel 8-seater
-0.64199656,Hyundai i20 1.2 Magna
-0.6802053,Hyundai Santro Xing XO eRLX Euro II
-0.42460456,Nissan Micra XV CVT
4.656977,BMW X6 xDrive 40d M Sport
0.041979294,Honda City 1.5 V AT
-0.044668924,Honda Amaze E i-Dtech
1.1562344,Toyota Fortuner 3.0 Diesel
2.0540097,Land Rover Discovery Sport SD4 HSE Luxury
0.34439376,Hyundai Creta 1.6 CRDi SX
-0.68223846,Chevrolet Beat Diesel LT
3.141158,Toyota Innova Crysta 2.8 GX AT
-0.4787316,Maruti Swift Dzire VDI
0.3561486,Hyundai Creta 1.6 CRDi SX Option
6.1931176,Land Rover Range Rover Sport SE
-0.19530962,Honda Amaze VX i-DTEC
0.36457568,Hyundai Creta 1.6 SX Plus Dual Tone Petrol
0.32319397,Volkswagen Vento Sport 1.2 TSI AT
0.05167957,Honda City i DTec VX
0.36457568,Hyundai Creta 1.6 SX Plus Dual Tone Petrol
-0.57256085,Ford Figo Diesel Titanium
4.2347846,BMW 5 Series 2013-2017 530d M Sport
0.16513097,Mitsubishi Pajero 2.8 SFX 7Str
-0.49355602,Renault Duster 85PS Diesel RxL Option
-0.53368783,Maruti Ritz VXI
-0.45405293,Hyundai Grand i10 Sportz
1.4912509,Mercedes-Benz GLA Class 200 CDI SPORT
1.269344,BMW 5 Series 520d Luxury Line
0.6373927,Hyundai Creta 1.6 SX Plus Petrol Automatic
-0.53571934,Renault KWID RXT Optional
6.1161294,Audi A4 3.0 TDI Quattro
-0.21081021,Maruti Ciaz VDI SHVS
-0.40162218,Honda Jazz S
0.8199483,BMW 3 Series 320d Luxury Line
0.1527712,Hyundai Verna SX CRDi AT
-0.32904157,Hyundai Creta 1.4 CRDi S Plus
0.009917803,Volkswagen Vento 2013-2015 1.6 Comfortline
2.6980555,BMW 3 Series Luxury Line
0.06279126,Honda CR-V Petrol 2WD
0.37205747,Renault Duster 110PS Diesel RxZ AWD
-0.45605817,Hyundai i20 Asta 1.2
0.23395552,Volkswagen Jetta 2013-2015 2.0L TDI Highline AT
0.34439376,Hyundai Creta 1.6 SX Plus Diesel
-0.38787943,Maruti Ciaz VDI SHVS
-0.18477874,Hyundai i20 Asta 1.4 CRDi
0.09418238,Hyundai Verna 1.6 SX VTVT
-0.5078425,Volkswagen Polo Diesel Trendline 1.2L
-0.5003181,Volkswagen Polo Diesel Trendline 1.2L
-0.090290874,Maruti SX4 Vxi BSIII
-0.12284188,Honda Mobilio RS Option i DTEC
0.5720115,Renault Duster 110PS Diesel RxZ Plus
3.7939935,Toyota Fortuner 2.8 2WD AT
1.4905992,Volvo XC60 D4 SUMMUM
-0.42359626,Maruti Celerio VXI AT
-0.27146107,Maruti Ciaz ZDi Plus
3.0986874,Audi Q5 2008-2012 2.0 TDI
1.1386893,BMW X1 sDrive 20d Sportline
-0.5420344,Ford Figo Petrol ZXI
0.2200157,Hyundai Elantra CRDi SX
-0.11389723,Hyundai Verna 1.6 i ABS
0.26339984,Honda Civic 2006-2010 1.8 S MT
1.3510171,Toyota Fortuner 4x4 MT
-0.6380993,Hyundai i10 Sportz
-0.3641624,Nissan Sunny 2011-2014 Diesel XL
2.6809914,BMW 5 Series 2013-2017 520d Luxury Line
0.30521584,Chevrolet Optra Magnum 2.0 LT
-0.73101044,Hyundai i10 Asta
-0.02585237,Skoda Laura Ambiente
1.1894319,Mercedes-Benz E-Class 2009-2013 E 220 CDI Avantgarde
-0.22725883,Honda Amaze SX i-DTEC
2.5014405,BMW X1 xDrive 20d xLine
0.43763524,Toyota Innova 2.5 G (Diesel) 8 Seater
4.50503,Porsche Panamera 2010 2013 Diesel
-0.4931281,Nissan Sunny XV D
-0.30224848,Maruti Swift Dzire LDI
-0.3504528,Maruti Wagon R ZXI AMT 1.2
0.24221028,Volkswagen Jetta 2013-2015 2.0L TDI Highline AT
1.7445724,Honda Accord 2.4 Inspire M/T
0.18700807,Honda City i VTEC V
0.09418238,Hyundai Verna 1.6 SX VTVT
-0.7553059,Maruti Wagon R LX BSII
-0.5572544,Maruti Swift Dzire Tour LDI
2.5798223,Audi Q5 2008-2012 2.0 TFSI Quattro
-0.37997305,Toyota Etios Cross 1.4 GD
-0.6503466,Hyundai i10 Era 1.1 iTech SE
0.14880589,Hyundai Verna 1.6 VTVT
-0.29739988,Volkswagen Polo 1.5 TDI Highline
2.8207037,BMW 5 Series 520d Sport Line
-0.45538265,Hyundai i20 1.4 Asta Optional With Sunroof
-0.3677096,Hyundai Grand i10 Asta Option AT
0.94485825,Toyota Fortuner 4x2 4 Speed AT
-0.35662487,Maruti Baleno Zeta Automatic
0.6373927,Hyundai Creta 1.6 SX Plus Petrol Automatic
-0.5901397,Hyundai i10 Sportz
-0.45849785,Tata Tigor XE Diesel
0.37090936,Skoda Superb Style 1.8 TSI AT
-0.4224278,Maruti Swift Dzire VDI
0.96805924,Honda CR-V 2.0 AT
0.36175692,Toyota Innova 2.5 G (Diesel) 8 Seater BS IV
0.061209872,Honda City 1.5 V MT
0.14580004,Hyundai Verna VTVT 1.6 AT SX Plus
-0.3170191,Toyota Etios 1.4 VXD
0.038264927,Skoda Superb Elegance 1.8 TSI AT
-0.117302045,Nissan Sunny 2011-2014 Diesel XV
0.17306182,Honda City 1.5 V MT Exclusive
-0.21820508,Hyundai Elite i20 Diesel Asta Option
0.046273198,Chevrolet Optra 1.6 LT Royale
-0.31748867,Honda Amaze S i-Vtech
-0.50008947,Volkswagen Polo Petrol Comfortline 1.2L
-0.47744069,Maruti Swift VDI
1.306205,Ford Endeavour 3.0L 4X4 AT
-0.24648876,Maruti Baleno LXI
-0.7791399,Maruti Wagon R LX
-0.26890624,Volkswagen Polo 1.5 TDI Highline
0.27744004,Hyundai Verna 1.6 SX VTVT (O)
-0.27175742,Maruti Ciaz ZDi Plus SHVS
0.09580492,Toyota Qualis Fleet A3
-0.36901727,Nissan Sunny 2011-2014 Diesel XL
0.0024792755,Skoda Rapid 1.6 MPI Ambition With Alloy Wheel
-0.74850637,Maruti Eeco 7 Seater Standard
-0.11734818,Skoda Rapid Ultima 1.6 MPI Ambition Plus
1.3510171,Toyota Fortuner 4x4 MT
0.34439376,Hyundai Creta 1.6 CRDi SX
-0.46716186,Hyundai i20 Magna Optional 1.2
-0.45414114,Maruti Wagon R LXI CNG
-0.020563759,Honda City i DTEC V
-0.5886111,Maruti 800 Std
-0.64350224,Ford Ikon 1.3 Flair
-0.4342749,Maruti Swift Dzire LXI
0.39814547,Honda City 1.5 V MT Sunroof
0.08298449,Hyundai Verna CRDi
0.09418238,Hyundai Verna 1.6 SX VTVT
-0.5646745,Renault KWID RXT
-0.653951,Maruti Wagon R LXI
-0.5751883,Hyundai Grand i10 Sportz
-0.40956002,Hyundai i20 1.2 Asta
-0.4016425,Honda Amaze S i-Vtech
-0.6114777,Ford Fiesta 1.4 Duratorq ZXI
0.18414706,Hyundai Verna SX CRDi AT
-0.27144167,Toyota Etios VD SP
-0.23531821,Honda Jazz 1.2 V CVT i VTEC
0.28762203,Hyundai Verna 1.6 CRDi SX
1.4912509,Mercedes-Benz CLA 200 D Sport Edition
2.2867627,Skoda Octavia Elegance 1.8 TSI AT
-0.510857,Chevrolet Beat Diesel LS
-0.58363724,Volkswagen Polo Diesel Trendline 1.2L
-0.37277776,Maruti SX4 S Cross DDiS 200 Zeta
0.10644827,Honda City V MT
0.5351415,Volkswagen Vento 1.5 TDI Highline
-0.45330295,Hyundai Grand i10 1.2 Kappa Magna
-0.4792745,Renault KWID AMT RXL
-0.52711356,Maruti Alto 800 LXI
0.037209053,Ford Ecosport 1.5 Ti VCT MT Titanium
-0.4363571,Maruti Baleno Zeta
-0.5482183,Maruti Ritz VDi
4.2087736,Mercedes-Benz E-Class 280 CDI
-0.58397394,Maruti Ritz VDi
-0.65451103,Chevrolet Beat Diesel LT
-0.028113905,Maruti SX4 Vxi BSIV
-0.5959478,Maruti Omni 5 Seater BSIV
3.439501,Mitsubishi Pajero Sport Anniversary Edition
4.1437073,Mercedes-Benz S Class 2005 2013 S 300 L
-0.6750945,Chevrolet Beat Diesel LS
-0.05714194,Ford Figo 2015-2019 1.5D Titanium MT
0.16412859,Honda City i-VTEC VX
0.8367698,Mercedes-Benz GLA Class 200 CDI SPORT
-0.24549434,Hyundai Creta 1.4 CRDi S Plus
-0.61036265,Ford Fiesta Classic 1.4 Duratorq CLXI
2.093396,Audi A4 2.0 TDI
-0.5047822,Hyundai i10 Magna 1.1
0.24156065,BMW 3 Series 320i Sedan
6.173619,BMW 7 Series 730Ld
0.13727456,Hyundai Verna 1.6 SX VTVT
0.7407904,Volkswagen Ameo 1.5 TDI Comfortline AT
-0.18011254,Chevrolet Aveo 1.4 LS
1.4888188,Chevrolet Cruze LTZ
-0.30653614,Hyundai i20 1.4 Sportz
0.17906174,Honda BRV i-VTEC V CVT
-0.4625347,Hyundai Xcent 1.2 Kappa SX
-0.47065145,Maruti Alto 800 CNG LXI
-0.63913393,Hyundai Grand i10 CRDi Sportz
-0.5833187,Maruti Alto LXi
0.44642246,Toyota Innova 2.5 VX (Diesel) 7 Seater
-0.53953284,Hyundai i10 Sportz 1.2 AT
0.23268989,Honda City i-VTEC CVT V
-0.7196493,Maruti Zen LX
-0.5073205,Maruti Wagon R LXI BS IV
-0.64554286,Ford Figo Diesel Titanium
-0.2694997,Honda Amaze S i-Vtech
-0.23665282,Hyundai Accent GLE
0.2772236,Hyundai Verna 1.6 SX CRDi (O)
-0.43357426,Maruti Swift ZDi
0.30906308,Mercedes-Benz B Class B180
-0.043705106,Chevrolet Cruze LTZ
0.1594248,Skoda Laura Ambiente 2.0 TDI CR AT
0.4555675,Mahindra Scorpio VLX 2WD BSIV
2.5014405,BMW X1 xDrive 20d xLine
1.18579,Mercedes-Benz E-Class 2009-2013 E350 Petrol
0.018446874,Skoda Superb Elegance 1.8 TSI AT
-0.29954848,Honda Brio VX AT
-0.73101044,Hyundai i10 Magna 1.2
0.14967524,Honda City i VTEC SV
-0.6148239,Ford Figo Petrol ZXI
0.36175692,Toyota Innova 2.5 G4 Diesel 7-seater
-0.6280346,Mahindra Verito 1.5 D6 BSIV
-0.42112002,Mahindra KUV 100 G80 K8 Dual Tone
-0.40956002,Hyundai i20 Sportz Option 1.2
0.73040813,Tata New Safari EX 4x2
-0.5185812,Maruti Swift Dzire VDi
6.099561,BMW X5 xDrive 30d M Sport
0.11385457,Audi A6 2011-2015 2.0 TDI Premium Plus
-0.4363571,Maruti Baleno Delta 1.2
4.4627466,Hyundai Santa Fe 4WD AT
1.0008765,Chevrolet Cruze LTZ AT
3.8861585,Mercedes-Benz E-Class 2015-2017 E250 Edition E
-0.45407355,Hyundai Santro Xing GLS
-0.6808032,Maruti Wagon R LXI CNG
-0.27904782,Maruti Ciaz VDi Plus SHVS
0.16412859,Honda City i-VTEC V
-0.2358056,Nissan Terrano XL Plus ICC WT20 SE
2.5658958,BMW 3 Series 320d Prestige
0.107107416,Honda City i DTEC V
-0.37551326,Nissan Terrano XL Plus 85 PS
-0.6250758,Hyundai Grand i10 CRDi Sportz
-0.5630572,Hyundai Santro Xing XL eRLX Euro III
1.4459115,Toyota Fortuner 4x2 AT
1.4705148,Toyota Innova Crysta 2.4 VX MT
-0.4228388,Maruti Baleno Zeta 1.2
-0.48828062,Hyundai Santro Xing XL eRLX Euro III
-0.7553519,Hyundai i10 Sportz 1.1L
4.4560947,Audi Q7 3.0 TDI Quattro Premium Plus
1.1594481,Volvo S60 D4 Momentum
0.18700807,Honda City i VTEC V
-0.6860442,Maruti Alto K10 2010-2014 VXI
-0.38253823,Honda Brio 1.2 S Option MT
0.44892317,Mahindra Scorpio VLX 2WD AIRBAG BSIV
0.98717564,Renault Duster 110PS Diesel RxL AMT
0.34439376,Hyundai Creta 1.6 CRDi SX
-0.25952402,Tata Tiago 1.2 Revotron XZ
0.33405936,Mahindra XUV500 W6 2WD
-0.08321406,Volkswagen Vento 1.5 TDI Highline
0.34294933,Mercedes-Benz B Class B180
-0.055982832,Maruti SX4 Vxi BSIV
-0.37899652,Hyundai Getz GLE
6.0688276,BMW 6 Series Gran Coupe
3.0475197,Audi A4 2.0 TDI 177 Bhp Premium Plus
-0.40956002,Hyundai i20 Asta Option 1.2
-0.42112547,Nissan Terrano XL D Option
-0.034704804,Volkswagen Vento Konekt Diesel Highline
-0.5205657,Hyundai i10 Sportz
4.424783,Lamborghini Gallardo Coupe
6.097684,Jaguar XF 3.0 Litre S Premium Luxury
-0.31910953,Maruti Swift Dzire VXi
-0.48314914,Tata Indica Vista Quadrajet VX
-0.22616841,Hyundai i20 Asta 1.4 CRDi
-0.5230221,Hyundai Xcent 1.2 Kappa S Option
0.5813823,Toyota Innova 2.5 VX (Diesel) 7 Seater
-0.25952402,Tata Tiago 1.2 Revotron XZ
-0.53571934,Renault KWID RXL
0.38841206,Toyota Innova 2.5 V Diesel 7-seater
4.874014,Mercedes-Benz E-Class 2015-2017 E250 CDI Avantgarde
0.103973866,Honda City 1.5 S AT
-0.73101044,Hyundai i10 Sportz 1.2
0.3577386,Hyundai Creta 1.6 CRDi SX Option
-0.35612643,Honda Amaze VX Petrol
-0.5070517,Volkswagen Polo 1.2 MPI Trendline
-0.5205657,Hyundai i10 Magna 1.2
-0.45857567,Renault Pulse RxL
0.90953106,Volkswagen Vento 1.5 TDI Highline AT
0.40405753,Toyota Innova 2.5 VX (Diesel) 7 Seater BS IV
-0.19717348,Toyota Corolla Altis G
-0.048710763,Hyundai Verna CRDi
4.1885176,Mercedes-Benz GL-Class 350 CDI Blue Efficiency
-0.45702416,Renault Duster 85PS Diesel RxL Optional
0.00082196255,Skoda Rapid 1.6 MPI Ambition
-0.5205657,Hyundai i10 Sportz 1.2
-0.4322623,Mahindra KUV 100 mFALCON G80 K8
-0.42359626,Maruti Celerio VXI AMT
-0.4758371,Maruti A-Star AT VXI
0.0032675322,Honda City i DTEC VX
2.9831574,Skoda Superb 1.8 TSI
-0.45405293,Hyundai Grand i10 Sportz
-0.44128197,Renault Duster 85PS Diesel RxL
-0.45405293,Hyundai Grand i10 Magna
0.008243275,Ford EcoSport 1.5 TDCi Titanium
-0.15895802,Nissan Sunny 2011-2014 XL
-0.006691432,Ford Figo Aspire 1.5 TDCi Titanium
0.6842424,Honda Civic 2006-2010 1.8 V MT
-0.53571934,Renault KWID RXT Optional
-0.36883622,Honda Brio EX MT
-0.33743954,Maruti Swift ZXI ABS
-0.32745168,Hyundai i20 Magna Optional 1.4 CRDi
0.12718745,Skoda Superb Elegance 2.0 TDI CR AT
-0.57349217,Maruti Wagon R LXI BSII
-0.14677933,Volkswagen Vento 1.5 TDI Highline AT
-0.039204832,Honda City i DTEC S
-0.21820508,Hyundai i20 1.4 Sportz
-0.4981117,Nissan Micra XV CVT
-0.53571934,Renault KWID RXT Optional
-0.13097085,Honda City i-DTEC SV
1.4705148,Toyota Innova Crysta 2.4 G MT 8S
-0.45185953,Maruti Baleno Alpha 1.3
-0.040215354,Ford EcoSport 1.5 TDCi Trend
0.21085192,Toyota Innova 2.5 G (Diesel) 8 Seater
-0.2506601,Ford Ecosport 1.5 DV5 MT Ambiente
-0.6200062,Volkswagen Polo Diesel Comfortline 1.2L
-0.29074568,Hyundai i20 Sportz 1.4 CRDi
-0.36243373,Renault Duster 85PS Diesel RxL Explore
-0.6287966,Ford Ikon 1.3 Flair
0.43516773,Ford Endeavour XLT TDCi 4X2
-0.28881282,Maruti Baleno Delta 1.3
3.1520355,Mercedes-Benz New C-Class C 220 CDI Elegance AT
-0.49691823,Maruti Esteem Vxi - BSIII
-0.11759068,Tata Indigo XL Grand Petrol
5.825269,BMW 5 Series 525d Sedan
-0.57138807,Hyundai Santro Xing GL Plus
0.4705293,Skoda Octavia 2.0 TDI AT Style Plus
0.83332175,Audi A6 2011-2015 35 TDI Technology
-0.19530962,Ford Figo 1.5D Trend MT
-0.17776679,Mahindra Xylo D4 BS III
-0.4578635,Maruti Celerio ZXI AT
0.36175692,Toyota Innova 2.5 G4 Diesel 8-seater
-0.49462292,Hyundai Grand i10 CRDi Asta
-0.45405293,Hyundai Grand i10 1.2 Kappa Sportz
-0.45405293,Hyundai Grand i10 Sportz
-0.40956002,Hyundai Elite i20 Petrol Asta
-0.78314507,Maruti Zen Estilo LXI BSIII
-0.4859743,Maruti Alto K10 2010-2014 VXI
1.5314356,Toyota Fortuner 4x2 Manual
0.29674053,Mahindra Thar CRDe AC
-0.69501156,Hyundai Santro Xing XO
-0.31716475,Toyota Etios G
5.4589043,Mercedes-Benz GL-Class 2007 2012 350 CDI Luxury
0.41725516,Renault Duster 110PS Diesel RxZ
-0.59876734,Maruti Swift VDI
-0.039283548,Volkswagen Vento Magnific 1.6 Comfortline
2.8483536,Skoda Superb L&K 2.0 TDI AT
4.7640033,BMW 3 Series 330d Convertible
-0.5535499,Maruti Wagon R VXI BS IV
-0.53571934,Renault KWID RXT
0.17103405,Ford Endeavour 4x2 XLT Limited Edition
-0.24780972,Maruti Vitara Brezza ZDi Plus Dual Tone
-0.52977705,Hyundai Santro Xing XO eRLX Euro II
3.1174738,Mercedes-Benz E-Class 200 Kompressor Elegance
2.680665,Mercedes-Benz C-Class Progressive C 220d
-0.41576973,Maruti Ertiga VXI CNG
0.6002719,Audi A4 2.0 TDI Celebration Edition
-0.45405293,Hyundai Grand i10 Asta
0.93210274,Mitsubishi Pajero Sport 4X4
1.7706735,Mercedes-Benz New C-Class C 250 CDI Avantgarde
-0.5873123,Maruti Wagon R LXI CNG
-0.4792745,Maruti Alto K10 VXI AGS
-0.44491583,Hyundai i20 Sportz 1.2
-0.35511366,Maruti Swift Dzire VDI
1.4764085,Mercedes-Benz R-Class R350 4Matic Long
0.097278945,Ford EcoSport 1.5 Ti VCT AT Titanium
0.0032675322,Honda City i DTEC VX Option
-0.5523483,Maruti Alto K10 2010-2014 VXI
-0.44584486,Maruti Ertiga ZDI
-0.21820508,Hyundai i20 Diesel Asta Option
-0.6746249,Tata Indigo CS eGLX BS IV
-0.75881,Maruti Alto Std
-0.45987839,Maruti Estilo LXI
0.45661673,Hyundai Creta 1.6 SX
-0.7458033,Maruti Wagon R LX
-0.21676861,Toyota Etios V
-0.21676861,Toyota Etios V
0.5685466,Renault Duster 110PS Diesel RXZ Optional with Nav
-0.5215359,Maruti Swift Dzire Vdi BSIV
1.5709993,Mercedes-Benz GLC 220
-0.25091138,Ford Ecosport 1.5 DV5 MT Titanium Optional
-0.59955806,Maruti Wagon R LXI CNG
-0.14392465,Maruti Ciaz 1.4 AT Alpha
-0.17534906,Ford Ecosport 1.5 DV5 MT Titanium
-0.5721155,Tata Zest Quadrajet 1.3 75PS XE
-0.047839627,Ford Endeavour 3.0L 4X4 AT
1.2966276,Renault Duster 110PS Diesel RxZ AMT
0.32638326,Nissan X-Trail SLX MT
1.4459115,Toyota Fortuner 4x4 AT
-0.71731323,Chevrolet Aveo U-VA 1.2 LS
-0.004369522,Skoda Rapid 1.6 TDI Ambition
-0.025413886,Mahindra XUV500 W8 4WD
-0.50533515,Maruti Swift Dzire ZDi
-0.61513317,Skoda Octavia Elegance 1.9 TDI
-0.1095949,Chevrolet Enjoy Petrol LS 7 Seater
0.09701325,Hyundai Accent GLE
2.089435,Mercedes-Benz New C-Class C 200 CGI
-0.2358056,Renault Duster 85PS Diesel RxE
4.774355,Jaguar F Type 5.0 V8 S
0.2894258,Hyundai Verna 1.6 SX
4.919696,Mercedes-Benz E-Class 2015-2017 E250 CDI Avantgarde
0.048104953,Volkswagen Vento Petrol Highline
2.5893385,Skoda Superb Style 2.0 TDI AT
0.42042813,Mahindra Scorpio 1.99 S4 Plus
-0.6564235,Skoda Laura Classic 1.8 TSI
-0.60544145,Maruti 800 DX BSII
5.527048,Audi Q5 3.0 TDI Quattro Technology
-0.14965588,Mahindra NuvoSport N6
-0.01452838,Volkswagen Vento Diesel Highline
-0.45675924,Maruti Swift Dzire VXI Optional
-0.19953328,Maruti Ertiga VXI
-0.51940554,Maruti Alto 800 2016-2019 LXI
-0.2852167,Hyundai i20 Magna 1.4 CRDi (Diesel)
-0.24522127,Ford Ecosport 1.5 DV5 MT Titanium
-0.63577574,Maruti Alto K10 LXI CNG
0.00047041546,Volkswagen Vento 1.5 TDI Highline
0.5018622,Mahindra Scorpio VLX 2WD Airbag BSIII
-0.006691432,Ford Figo Aspire 1.5 TDCi Titanium Plus
0.38646612,Toyota Innova 2.5 G (Diesel) 8 Seater
-0.28881282,Maruti Dzire LDI
-0.53571934,Renault KWID RXL
0.4343251,Ford Endeavour 2.5L 4X2 MT
-0.05152728,Mahindra Jeep MM 540 DP
-0.013276936,Ford EcoSport 1.0 Ecoboost Titanium Plus
0.27933037,Hyundai Creta 1.6 CRDi SX
6.103899,BMW 5 Series 2013-2017 530d M Sport
0.47315735,Maruti Ertiga VXI AT Petrol
0.032592505,Skoda Laura L and K AT
-0.45466435,Chevrolet Beat LS
1.2246097,Audi Q3 2.0 TDI
0.023386078,Honda City 1.5 V MT
-0.40457225,Maruti Swift Lxi BSIII
-0.6595566,Ford Figo Diesel EXI
1.403714,Toyota Fortuner 4x4 AT
0.90093327,Mercedes-Benz New C-Class 200 CDI Classic
0.41634935,Toyota Innova 2.5 GX (Diesel) 7 Seater
-0.22391133,Honda City 1.5 EXI
-0.19565782,Honda Amaze S i-Dtech
0.18126994,Toyota Corolla Altis 1.8 G CVT
-0.51407087,Tata Indica Vista Quadrajet VX
0.3097982,Mahindra XUV500 W8 2WD
-0.3361756,Maruti Ritz VDi
2.089435,Mercedes-Benz New C-Class C 200 AVANTGARDE
0.29996166,Hyundai Verna VTVT 1.6 AT SX Option
2.3767292,Mercedes-Benz New C-Class C 250 CDI Elegance
-0.5070517,Maruti Wagon R VXI BS IV
-0.1146423,Maruti Ertiga VXI
-0.004369522,Skoda Rapid Ultima 1.6 TDI Elegance
0.52284515,Toyota Innova 2.5 V Diesel 8-seater
2.3425152,Mercedes-Benz GLA Class 200 Sport
-0.42592373,Volkswagen Polo 1.5 TDI Highline
-0.6597486,Hyundai Santro Xing GL
0.3037442,Hyundai Verna 1.6 CRDi EX MT
-0.5066883,Volkswagen Ameo 1.2 MPI Highline
-0.40956002,Hyundai i20 Asta Option 1.2
-0.6726798,Maruti Wagon R LX BSIII
-0.6547546,Tata Indica LEI
0.18810377,Mahindra Xylo D4
0.7176926,ISUZU D-MAX V-Cross 4X4
-0.73018247,Hyundai i20 2015-2017 Magna
-0.4363571,Maruti Baleno Alpha
2.6875734,Tata Hexa XTA
-0.60148966,Volkswagen Polo Petrol Comfortline 1.2L
1.3802977,Mercedes-Benz New C-Class C 200 CGI Elegance
-0.47776812,Toyota Etios GD
-0.6158297,Hyundai Getz GLS
-0.25952402,Tata Tiago 1.2 Revotron XT
-0.39206925,Renault Duster 85PS Diesel RxL Option
1.329926,Audi A4 35 TDI Premium Plus
0.47864434,Tata New Safari DICOR 2.2 VX 4x2
-0.5123728,Maruti Swift VDI
2.7430398,Skoda Superb Elegance 1.8 TSI AT
0.15393108,Hyundai Elantra SX
0.031960156,Honda City 1.5 E MT
-0.2195493,Renault Duster 85PS Diesel RxL Explore
3.4116457,Jaguar XF 2.2 Litre Luxury
-0.6116808,Maruti Wagon R Duo Lxi
-0.67773324,Volkswagen Polo IPL II 1.2 Petrol Highline
-0.213986,Tata Bolt Revotron XT
-0.64816463,Hyundai i20 Sportz 1.2
0.116491005,Audi A6 2011-2015 2.0 TDI
0.022511125,Volkswagen Vento 1.6 Highline
-0.65278673,Maruti Celerio VXI
-0.55235803,Hyundai Getz GLE
-0.24780972,Maruti Vitara Brezza VDi
4.3526845,Mercedes-Benz M-Class ML 320 CDI
-0.47062802,Maruti Swift Dzire Vdi BSIV
6.427685,Porsche Panamera Diesel
3.2511182,Toyota Camry Hybrid
-0.3629029,Honda Brio 1.2 VX MT
1.2335116,Skoda Superb 3.6 V6 FSI
1.1815343,Toyota Innova 2.5 V Diesel 7-seater
-0.18155475,Honda Amaze VX i-DTEC
-0.28881282,Maruti Swift VDI
-0.57608086,Hyundai Xcent 1.1 CRDi S
0.1338239,Mahindra Xylo D4 BSIV
-0.5037731,Maruti Wagon R VXI
-0.4985704,Chevrolet Beat Diesel
